-0.013557838726647274,-0.0449878601636429,-0.09780759765630732,0.13073013446432538
-0.013557838726647274,-0.0449878601636429,-0.09780759765630732,0.1307301344643254
0.08615122601901208,-0.0449878601636429,-0.09780759765630732,0.1307301344643254
0.08615122601901208,-0.0449878601636429,-0.09780759765630732,0.1307301344643254
0.08615122601901208,-0.044943722343687265,-0.09780759765630732,0.13073013446432538
0.08615122601901208,-0.04099880789168734,-0.09780759765630732,0.13073013446432535
0.08921684469735393,-0.04099880789168734,-0.09780759765630732,0.13073013446432535
0.08921684469735393,-0.04099880789168734,-0.09780759765630732,0.13073013446432535
0.08672085111127154,nan,-0.09780759765630732,0.13073013446432535
0.08672085111127154,nan,-0.09780759765630732,0.13073013446432535
0.09049469350057769,nan,-0.09780759765630732,0.13073013446432535
0.09049469350057769,nan,-0.09780759765630732,0.13073013446432535
0.09049469350057769,nan,-0.09780759765630732,0.13073013446432535
0.09049469350057769,nan,-0.09780759765630732,0.13073013446432533
0.09049469350057769,nan,-0.09780759765630732,0.13073013446432533
0.09049469350057769,nan,-0.09780759765630732,0.13073013446432535
0.09049469350057769,nan,-0.09780759765630732,0.13073013446432535
0.09049469350057769,nan,-0.09012247579288007,0.1307301344643254
0.08554870279308201,nan,-0.09012247579288007,0.1307301344643254
0.0860574054155811,nan,-0.09012247579288007,0.1307301344643254
0.1776046868874436,nan,-0.09186751769923429,0.13073013446432538
0.1776046868874436,nan,0.00227642584465765,0.13073013446432535
0.1776046868874436,nan,0.00227642584465765,0.13073013446432538
0.1776046868874436,nan,-0.0008635822828616873,0.1307301344643254
0.08788386105899701,nan,-0.0028116787596647705,0.1307301344643254
0.08447707654999709,nan,-0.0028116787596647705,0.1307301344643254
0.08447707654999709,nan,0.09258608006220247,0.1307301344643254
0.08447707654999709,nan,0.09258608006220247,0.1307301344643254
0.1750422878093224,nan,0.09258608006220247,0.13073013446432538
0.1750422878093224,nan,0.09258608006220247,0.1307301344643254
0.1750422878093224,nan,0.09258608006220247,0.1307301344643254
0.177073747563482,nan,0.09258608006220247,0.1307301344643254
0.177073747563482,nan,0.09258608006220247,0.13073013446432544
0.17712187631459267,nan,0.09258608006220247,0.1307301344643254
0.17712187631459267,nan,0.09823318509371329,0.1307301344643254
0.17712187631459267,nan,0.10016927440143596,0.1307301344643254
0.17712187631459267,nan,0.10016927440143596,0.1307301344643254
0.17712187631459267,nan,0.10016927440143596,0.1307301344643254
0.17712187631459267,nan,0.10016927440143596,0.13073013446432535
0.17712187631459267,nan,0.005053817465948336,0.13073013446432535
0.17712187631459267,nan,0.08818505235525959,0.13073013446432535
0.17712187631459267,nan,0.08818505235525959,0.13073013446432535
0.17712187631459267,nan,0.08818505235525959,0.13073013446432535
0.17712187631459267,nan,0.08818505235525959,0.13073013446432533
0.17712187631459267,nan,0.08818505235525959,0.13073013446432533
0.17712187631459267,nan,0.08818505235525959,0.13073013446432535
0.17712187631459267,nan,0.08818505235525959,0.13073013446432535
0.17712187631459267,nan,0.0865430052770174,0.13073013446432533
0.17712187631459267,nan,0.08679222074193098,0.13073013446432533
0.17712187631459267,nan,0.08785445496657872,0.13073013446432535
0.17712187631459267,nan,0.08785445496657872,0.13073013446432535
0.17712187631459267,nan,0.08785445496657872,0.13073013446432533
0.17712187631459267,nan,0.08982096243597178,0.13073013446432535
0.08412189855129414,nan,0.08982096243597178,0.13073013446432535
0.08412189855129414,nan,0.08982096243597178,0.13073013446432533
0.08412189855129414,nan,0.08982096243597178,0.13073013446432533
0.08412189855129414,nan,0.08982096243597178,0.13073013446432535
0.08705897081844159,nan,0.09221652608050514,0.13073013446432535
-0.005038135943008248,nan,0.09184857305468519,0.13073013446432535
-0.00676620179776116,nan,0.09041785215225838,0.13073013446432535
-0.00676620179776116,nan,0.09041785215225838,0.1307301344643254
-0.00676620179776116,nan,0.09041785215225838,0.1307301344643254
-0.00676620179776116,nan,0.09041785215225838,0.13073013446432535
-0.00676620179776116,nan,0.09041785215225838,0.13073013446432538
-0.00676620179776116,nan,0.09041785215225838,0.13073013446432538
-0.00676620179776116,nan,0.09041785215225838,0.13073013446432538
-0.00676620179776116,nan,0.09041785215225838,0.13073013446432538
-0.006178604576922386,nan,0.09089253556990427,0.13073013446432535
-0.006178604576922386,nan,0.09089253556990427,0.13073013446432533
-0.008708410133721775,nan,0.08824081898498863,0.13073013446432535
-0.009299053478048568,nan,0.08765113357015028,0.13073013446432535
-0.009299053478048568,nan,0.08765113357015028,0.13073013446432533
-0.009299053478048568,nan,0.08765113357015028,0.13073013446432533
-0.009299053478048568,nan,0.08765113357015028,0.13073013446432535
-0.009299053478048568,nan,0.08765113357015028,0.13073013446432535
-0.009299053478048568,nan,0.08765113357015028,0.13073013446432533
-0.009299053478048568,nan,0.08765113357015028,0.13073013446432533
-0.009299053478048568,nan,0.08765113357015028,0.13073013446432535
-0.009299053478048568,nan,0.08765113357015028,0.1307301344643254
-0.009299053478048568,nan,0.08765113357015028,0.13073013446432538
-0.009299053478048568,nan,0.08765113357015028,0.13073013446432535
-0.009299053478048568,nan,0.08765113357015028,0.13073013446432538
-0.009299053478048568,nan,0.08765113357015028,0.13073013446432535
-0.009299053478048568,nan,0.08765113357015028,0.13073013446432535
-0.012236125745196036,nan,0.08490389328455043,0.13073013446432533
-0.012236125745196036,nan,0.08490389328455043,0.13073013446432538
-0.007775991734039303,nan,0.0893710938344254,0.13073013446432538
-0.007775991734039303,nan,0.0893710938344254,0.13073013446432538
-0.007775991734039303,nan,0.0893710938344254,0.13073013446432538
-0.009193352993014325,nan,0.08823628294333603,0.13073013446432535
-0.009193352993014325,nan,0.08823628294333603,0.13073013446432535
-0.009839131172474253,nan,0.08753159553130523,0.1307301344643254
-0.009839131172474253,nan,0.08753159553130523,0.13073013446432533
-0.009839131172474253,nan,0.08753159553130523,0.1307301344643254
-0.009839131172474253,nan,0.08753159553130523,0.13073013446432535
-0.009839131172474253,nan,0.08753159553130523,0.13073013446432535
-0.009839131172474253,nan,0.08753159553130523,0.13073013446432535
-0.009839131172474253,nan,0.08753159553130523,0.13073013446432535
-0.009839131172474253,nan,0.08753159553130523,0.1307301344643254
-0.008988348882270679,nan,0.08844307307749881,0.1307301344643254
-0.008988348882270679,nan,0.08844307307749881,0.1307301344643254
-0.008988348882270679,nan,0.08844307307749881,0.13073013446432535
-0.008988348882270679,nan,0.08844307307749881,0.13073013446432533
-0.008988348882270679,nan,0.08844307307749881,0.13073013446432533
-0.00951319595925627,nan,0.08778828212364663,0.13073013446432535
-0.00951319595925627,nan,0.08778828212364663,0.13073013446432535
-0.00951319595925627,nan,0.08778828212364663,0.13073013446432535
-0.00951319595925627,nan,0.08778828212364663,0.13073013446432535
-0.00951319595925627,nan,0.08778828212364663,0.13073013446432533
-0.00951319595925627,nan,0.08778828212364663,0.13073013446432533
-0.00951319595925627,nan,0.08778828212364663,0.13073013446432533
-0.009285650534701286,nan,0.08792649798106122,0.13073013446432533
-0.00955431862634452,nan,0.08767781616810677,0.13073013446432533
-0.00955431862634452,nan,0.08767781616810677,0.13073013446432533
-0.00955431862634452,nan,0.08767781616810677,0.13073013446432535
-0.00955431862634452,nan,0.08767781616810677,0.13073013446432538
-0.018484029631470843,nan,0.08021976321328922,0.1307301344643254
-0.018484029631470843,nan,0.08021976321328922,0.1307301344643254
-0.014452485195078317,nan,0.08431847708538512,0.1307301344643254
-0.01574130004285896,nan,0.08292858055783173,0.1307301344643254
-0.01574130004285896,nan,0.08292858055783173,0.1307301344643254
-0.01574130004285896,nan,0.08292858055783173,0.1307301344643254
-0.01364252095961419,nan,0.08518005817340006,0.1307301344643254
-0.01364252095961419,nan,0.08518005817340006,0.1307301344643254
-0.01364252095961419,nan,0.08518005817340006,0.1307301344643254
-0.01180936384452464,nan,0.08716097424568962,0.1307301344643254
-0.01180936384452464,nan,0.08716097424568962,0.1307301344643254
-0.01180936384452464,nan,0.08716097424568962,0.1307301344643254
0.08129661901615694,nan,0.0829029652637935,0.1307301344643254
0.08070171109894693,nan,0.08215905443276665,0.13073013446432544
0.08357755628398522,nan,0.08215905443276665,0.13073013446432544
0.08357755628398522,nan,0.08215905443276665,0.13073013446432544
-0.010452011218263581,nan,0.08806898305414887,0.13073013446432544
-0.010452011218263581,nan,0.08806898305414887,0.13073013446432546
-0.010452011218263581,nan,0.08806898305414887,0.13073013446432546
-0.010452011218263581,nan,0.08806898305414887,0.13073013446432544
-0.010452011218263581,nan,-0.010060806972483037,0.1307301344643254
-0.010452011218263581,nan,-0.010060806972483037,0.1307301344643254
-0.010620157234802205,nan,-0.010192619006388081,0.13073013446432538
-0.008662718281401497,nan,-0.008284546426519728,0.1307301344643254
-0.008662718281401497,nan,-0.006011189080627073,0.1307301344643254
-0.008662718281401497,nan,-0.0014124433228266157,0.1307301344643254
-0.008662718281401497,nan,-0.0014124433228266157,0.1307301344643254
-0.006686088750026273,nan,-0.0014124433228266157,0.1307301344643254
-0.006686088750026273,nan,-0.0014124433228266157,0.13073013446432544
-0.007478385469259893,nan,-0.0014124433228266157,0.1307301344643254
-0.007478385469259893,nan,-0.08875392534369188,0.13073013446432544
-0.011051183708356827,nan,-0.08875392534369188,0.13073013446432544
-0.014934077318534047,nan,-0.08875392534369188,0.1307301344643254
-0.014934077318534047,nan,-0.08875392534369188,0.1307301344643254
-0.014934077318534047,nan,-0.08875392534369188,0.1307301344643254
-0.016083075098214637,nan,-0.08922647415350125,0.13073013446432544
-0.016083075098214637,nan,-0.08922647415350125,0.1307301344643254
-0.016083075098214637,nan,-0.0018849921326359925,0.1307301344643254
-0.016083075098214637,nan,-0.004135402444286069,0.13073013446432546
-0.015391909678783232,nan,-0.0034032319563600776,0.1307301344643254
-0.015391909678783232,nan,-0.0034032319563600776,0.1307301344643254
0.08060301669793513,nan,-0.003134271368958693,0.1307301344643254
0.08060301669793513,nan,-0.003134271368958693,0.1307301344643254
0.08060301669793513,nan,-0.003298902998350215,0.1307301344643254
0.08131428653238745,nan,-0.00260435497354287,0.1307301344643254
0.08131428653238745,nan,-0.0010482258607205743,0.13073013446432544
0.08131428653238745,nan,-0.0010482258607205743,0.13073013446432544
0.08131428653238745,nan,0.00017597173352302883,0.13073013446432546
0.085121331667713,nan,0.0037031443573909864,0.13073013446432546
0.085121331667713,nan,0.0019621048407302386,0.13073013446432546
0.085121331667713,nan,0.0019621048407302386,0.13073013446432546
0.085121331667713,nan,0.0019621048407302386,0.13073013446432546
0.085121331667713,nan,0.0019621048407302386,0.1307301344643254
0.085121331667713,nan,0.0019621048407302386,0.13073013446432544
0.0830645890886029,nan,-0.00023280566717034517,0.1307301344643254
0.08467812070020632,nan,0.0012902370241859073,0.13073013446432544
0.08467812070020632,nan,0.0012902370241859073,0.13073013446432544
0.08467812070020632,nan,0.0012902370241859073,0.13073013446432546
-0.00947847015149286,nan,-8.178216273663128e-05,0.1307301344643254
-0.009014545544267637,nan,-8.178216273663128e-05,0.1307301344643254
-0.009014545544267637,nan,-8.178216273663128e-05,0.1307301344643254
-0.009014545544267637,nan,-8.178216273663128e-05,0.1307301344643254
-0.009014545544267637,nan,-0.0022046496561547013,0.1307301344643254
-0.009014545544267637,nan,-0.0022046496561547013,0.1307301344643254
-0.009014545544267637,nan,0.0901320815281444,0.13073013446432544
-0.009014545544267637,nan,0.0901320815281444,0.13073013446432544
-0.009014545544267637,nan,0.0901320815281444,0.1307301344643254
-0.009014545544267637,nan,-0.0017953386035021977,0.13073013446432546
-0.009014545544267637,nan,-0.0017070192042662271,0.1307301344643254
-0.009014545544267637,nan,-0.0017070192042662271,0.13073013446432538
-0.009014545544267637,nan,-0.0005591338401781757,0.13073013446432535
-0.009014545544267637,nan,-0.000290706904735921,0.13073013446432538
-0.00643082360173032,nan,-0.000290706904735921,0.13073013446432535
-0.09729394573818385,nan,-0.0005727419651359838,0.13073013446432535
-0.09895560610089797,nan,-0.0022484091168033394,0.13073013446432535
-0.10228440984860461,nan,-0.005131730651981276,0.13073013446432535
-0.10522726975037931,nan,-0.008666641229256615,0.13073013446432535
-0.10096970295117581,nan,-0.005974100269467557,0.13073013446432535
-0.007337654564113436,nan,-0.005974100269467557,0.13073013446432535
-0.007337654564113436,nan,-0.005974100269467557,0.1307301344643254
0.08518712793505422,nan,-0.003743435080305281,0.13073013446432535
0.17789467784350296,nan,-0.004424374980154818,0.13073013446432535
0.17789467784350296,nan,-0.004424374980154818,0.1307301344643254
0.17789467784350296,nan,-0.004424374980154818,0.13073013446432533
0.17514250527207822,nan,-0.004424374980154818,0.13073013446432533
0.17514250527207822,nan,-0.00666197764478578,0.13073013446432538
0.08217999482768232,nan,-0.006008787646810989,0.13073013446432538
-0.009891829108816974,nan,-0.006008787646810989,0.13073013446432538
-0.009891829108816974,nan,-0.006191563442812922,0.13073013446432538
-0.009891829108816974,nan,-0.006191563442812922,0.1307301344643254
-0.00789387671302562,nan,-0.004077234380740927,0.13073013446432533
-0.00789387671302562,nan,-0.004077234380740927,0.13073013446432535
-0.00789387671302562,nan,-0.004077234380740927,0.13073013446432533
0.08379322182693694,nan,-0.004077234380740927,0.13073013446432535
0.08379322182693694,nan,-0.003312244297328458,0.13073013446432535
0.08379322182693694,nan,-0.003312244297328458,0.13073013446432535
0.08379322182693694,nan,-0.00303100971486709,0.1307301344643254
0.17501791882141826,nan,-0.009711264939253063,0.1307301344643254
0.17501791882141826,nan,-0.009711264939253063,0.1307301344643254
0.17501791882141826,nan,-0.016560421008703596,0.1307301344643254
0.07556168232526446,nan,-0.016560421008703596,0.13073013446432535
0.07540633002737551,nan,-0.016560421008703596,0.1307301344643254
0.07540633002737551,nan,-0.016560421008703596,0.1307301344643254
0.07540633002737551,nan,-0.016560421008703596,0.1307301344643254
0.07614196884973198,nan,-0.01576154402588639,0.13073013446432538
0.07614196884973198,nan,-0.01576154402588639,0.1307301344643254
0.07614196884973198,nan,-0.01576154402588639,0.1307301344643254
0.07614196884973198,nan,0.08472111748854849,0.13073013446432538
0.17315643275789014,nan,0.08472111748854849,0.1307301344643254
0.17309002726585135,nan,0.08472111748854849,0.13073013446432538
0.17685077132415902,nan,0.08472111748854849,0.13073013446432538
0.08219613928216882,nan,0.08923661354072472,0.13073013446432538
0.08219613928216882,nan,0.08938603608928104,0.13073013446432538
0.08219613928216882,nan,0.08938603608928104,0.13073013446432538
0.08219613928216882,nan,0.08938603608928104,0.13073013446432538
0.08219613928216882,nan,0.0877976210329314,0.13073013446432538
0.08033130248280387,nan,0.08577347915195233,0.13073013446432535
0.08033130248280387,nan,0.08346810268851189,0.13073013446432535
0.08033130248280387,nan,0.08346810268851189,0.13073013446432538
0.08033130248280387,nan,0.08346810268851189,0.13073013446432538
0.08033130248280387,nan,-0.0012483453453942233,0.13073013446432535
0.08033130248280387,nan,0.09398611597697933,0.13073013446432535
0.08033130248280387,nan,0.09398611597697933,0.13073013446432538
0.08033130248280387,nan,0.09398611597697933,0.13073013446432538
0.08033130248280387,nan,0.09398611597697933,0.1307301344643254
0.08033130248280387,nan,0.09398611597697933,0.1307301344643254
0.08033130248280387,nan,0.09398611597697933,0.1307301344643254
0.08033130248280387,nan,0.09398611597697933,0.13073013446432544
0.08033130248280387,nan,0.09398611597697933,0.1307301344643254
-0.0038656830124699157,nan,0.09247321267284653,0.1307301344643254
-0.0038656830124699157,nan,0.09247321267284653,0.1307301344643254
-0.0038656830124699157,nan,-0.008103371586395184,0.13073013446432535
-0.0038656830124699157,nan,-0.008103371586395184,0.13073013446432535
-0.0038656830124699157,nan,-0.0034093689538900692,0.13073013446432535
-0.0038656830124699157,nan,-0.0034093689538900692,0.13073013446432535
0.08033130248280387,nan,-0.006291356359170182,0.13073013446432535
0.08033130248280387,nan,-0.006509353184474677,0.13073013446432535
0.08033130248280387,nan,-0.006509353184474677,0.13073013446432535
0.08287877555583377,nan,0.0893871033931993,0.13073013446432535
0.08287877555583377,nan,0.09262343569934155,0.13073013446432535
0.08287877555583377,nan,0.09262343569934155,0.13073013446432538
0.08287877555583377,nan,0.08399455034619337,0.13073013446432538
0.08287877555583377,nan,0.08399455034619337,0.13073013446432538
0.08287877555583377,nan,0.0854562230622497,0.13073013446432538
0.07968308740455353,nan,-0.01190190623148061,0.1307301344643254
0.07968308740455353,nan,-0.01211803527492815,0.13073013446432538
0.07968308740455353,nan,-0.009426828445036917,0.13073013446432538
0.07980371389467907,nan,-0.00919068745312201,0.1307301344643254
0.07980371389467907,nan,-0.00919068745312201,0.13073013446432538
0.07980371389467907,nan,-0.00919068745312201,0.13073013446432538
0.08189914224208701,nan,0.08736749755387284,0.13073013446432538
0.08189914224208701,nan,0.08736749755387284,0.13073013446432538
0.08189914224208701,nan,-0.012284534686176626,0.1307301344643254
0.08189914224208701,nan,-0.012284534686176626,0.1307301344643254
0.08189914224208701,nan,0.08736749755387284,0.1307301344643254
0.08297807918154317,nan,0.08736749755387284,0.13073013446432535
0.08297807918154317,nan,0.08736749755387284,0.1307301344643254
0.08297807918154317,nan,0.08736749755387284,0.13073013446432538
0.08297807918154317,nan,0.08809780025994186,0.13073013446432538
0.08297807918154317,nan,0.08809780025994186,0.13073013446432538
0.0876033130857505,nan,0.09249909479286432,0.13073013446432538
0.0876033130857505,nan,0.09249909479286432,0.13073013446432538
0.0876033130857505,nan,0.09249909479286432,0.13073013446432538
0.08726336570448764,nan,0.0920049330787102,0.13073013446432535
0.08920557404044825,nan,0.0920049330787102,0.13073013446432535
0.08920557404044825,nan,0.08968915040206672,0.13073013446432535
0.08920557404044825,nan,0.08968915040206672,0.13073013446432535
0.08920557404044825,nan,-0.009499671937458124,0.13073013446432535
0.08920557404044825,nan,-0.011060337091933024,0.13073013446432535
0.08920557404044825,nan,-0.0061077800852295545,0.1307301344643254
0.0906600980059771,nan,-0.004726155163042681,0.13073013446432535
0.0906600980059771,nan,-0.004726155163042681,0.13073013446432535
-0.002561637547249183,nan,-0.00537267451152835,0.13073013446432538
-0.002561637547249183,nan,-0.00537267451152835,0.13073013446432538
-0.0023758240144800525,nan,-0.00537267451152835,0.13073013446432535
0.09084591153874623,nan,0.00014021705226133685,0.13073013446432535
0.09156967047949943,nan,0.0009033393538168523,0.13073013446432535
0.09156967047949943,nan,0.0009033393538168523,0.13073013446432535
0.09021384091498238,nan,0.0009033393538168523,0.13073013446432538
0.09087759122302162,nan,0.0009033393538168523,0.13073013446432538
0.09258859878624164,nan,0.0009033393538168523,0.13073013446432533
0.0938795459204639,nan,0.0009033393538168523,0.13073013446432533
0.09408820537939316,nan,0.0009033393538168523,0.13073013446432533
0.09408820537939316,nan,0.004645040065254962,0.13073013446432533
-0.011844394264636852,nan,0.00012874353514004763,0.13073013446432533
-0.011844394264636852,nan,0.00012874353514004763,0.13073013446432533
-0.012244959503311288,nan,-0.00026695939255464796,0.13073013446432533
-0.011751182885903485,nan,-0.00026695939255464796,0.13073013446432533
-0.011751182885903485,nan,-0.004578066744384181,0.13073013446432535
-0.01258216537343494,nan,-0.004578066744384181,0.13073013446432533
-0.014390953500620344,nan,-0.006271077584723252,0.1307301344643254
-0.014390953500620344,nan,-0.006271077584723252,0.13073013446432538
0.0914484347646763,nan,-0.006271077584723252,0.13073013446432535
0.0914484347646763,nan,-0.0034056333901761613,0.13073013446432535
0.08995126507031519,nan,-0.0034056333901761613,0.13073013446432535
-0.00781498211468594,nan,-0.0034056333901761613,0.13073013446432538
-0.00781498211468594,nan,-0.0034056333901761613,0.13073013446432535
-0.010622898745941422,nan,-0.0034056333901761613,0.13073013446432535
0.08829813385336753,nan,-0.0034056333901761613,0.1307301344643254
0.08829813385336753,nan,-0.006683590549130534,0.13073013446432535
0.08829813385336753,nan,-0.006683590549130534,0.13073013446432535
0.08829813385336753,nan,-0.006683590549130534,0.1307301344643253
0.08829813385336753,nan,-0.006683590549130534,0.13073013446432535
0.08829813385336753,nan,-0.007174283525550322,0.13073013446432535
0.08829813385336753,nan,-0.014847665045876726,0.13073013446432533
0.08829813385336753,nan,-0.014847665045876726,0.13073013446432533
0.07314336488812655,nan,-0.014847665045876726,0.13073013446432533
-0.022538419994023506,nan,-0.01531354320619698,0.13073013446432535
0.07314336488812655,nan,-0.015707645178014287,0.13073013446432535
0.08240114339291246,nan,-0.015707645178014287,0.13073013446432535
0.08240114339291246,nan,-0.015707645178014287,0.13073013446432535
0.08250075163097066,nan,-0.015707645178014287,0.1307301344643254
0.08250075163097066,nan,-0.015707645178014287,0.13073013446432538
0.08299513747307607,nan,-0.015707645178014287,0.13073013446432538
0.08556180112408049,nan,-0.015707645178014287,0.13073013446432538
0.08556180112408049,nan,-0.015707645178014287,0.13073013446432538
0.08556180112408049,nan,-0.015707645178014287,0.13073013446432538
0.08490109693952927,nan,-0.016407796548392493,0.13073013446432535
0.08490109693952927,nan,-0.011306083819112264,0.13073013446432535
0.08490109693952927,nan,-0.011306083819112264,0.13073013446432533
0.08490109693952927,nan,-0.011306083819112264,0.13073013446432533
0.08490109693952927,nan,0.08132522324662646,0.13073013446432538
0.08490109693952927,nan,0.08132522324662646,0.13073013446432538
0.08490109693952927,nan,0.08125077879832786,0.13073013446432538
0.08490109693952927,nan,0.08615610760664834,0.13073013446432538
0.08302955866849068,nan,0.08569876787767416,0.13073013446432538
0.08302955866849068,nan,0.08569876787767416,0.13073013446432535
0.08302955866849068,nan,0.08569876787767416,0.1307301344643254
0.08302955866849068,nan,-0.011506736955745044,0.1307301344643254
0.08302955866849068,nan,-0.011506736955745044,0.13073013446432538
0.08303382324137391,nan,-0.011506736955745044,0.13073013446432538
0.08187142251834605,nan,-0.011506736955745044,0.13073013446432538
0.08187142251834605,nan,-0.011506736955745044,0.13073013446432538
0.08187142251834605,nan,-0.008873164537439821,0.13073013446432535
0.08187142251834605,nan,-0.008873164537439821,0.13073013446432535
0.08187142251834605,nan,-0.008873164537439821,0.1307301344643254
0.08187142251834605,nan,-0.008873164537439821,0.1307301344643254
0.07855724016338188,nan,-0.008873164537439821,0.1307301344643254
0.07855724016338188,nan,-0.009485263334561622,0.1307301344643254
0.07855724016338188,nan,-0.009485263334561622,0.1307301344643254
0.07855724016338188,nan,-0.006655573821276223,0.1307301344643254
0.07855724016338188,nan,-0.006655573821276223,0.1307301344643254
0.07855724016338188,nan,-0.006655573821276223,0.13073013446432538
0.07855724016338188,nan,-0.010245984202301054,0.13073013446432538
0.07855724016338188,nan,-0.010245984202301054,0.13073013446432538
-0.01291937124355859,nan,-0.009476191251256417,0.1307301344643254
0.07855724016338188,nan,-0.09091788403796293,0.1307301344643254
0.07855724016338188,nan,-0.09184964035860345,0.1307301344643254
0.07855724016338188,nan,-0.09184964035860345,0.1307301344643254
0.08233108255268803,nan,0.0037226226538992213,0.13073013446432538
0.08233108255268803,nan,-0.09105343163558188,0.1307301344643254
0.08233108255268803,nan,-0.09105343163558188,0.1307301344643254
0.08233108255268803,nan,-0.09177679686618223,0.1307301344643254
0.08233108255268803,nan,-0.09177679686618223,0.1307301344643254
0.08004100691439571,nan,-0.091890998385436,0.1307301344643254
0.08004100691439571,nan,-0.091890998385436,0.13073013446432538
0.08004100691439571,nan,-0.09075725479826488,0.13073013446432535
0.08004100691439571,nan,-0.0923990350505275,0.13073013446432535
0.08004100691439571,nan,-0.0924574699400522,0.13073013446432538
0.08037029286345052,nan,-0.0924574699400522,0.13073013446432538
0.08037029286345052,nan,-0.0924574699400522,0.1307301344643254
0.08037029286345052,nan,-0.0924574699400522,0.1307301344643254
0.08037029286345052,nan,-0.0924574699400522,0.1307301344643254
0.08037029286345052,nan,-0.0924574699400522,0.1307301344643254
0.08037029286345052,nan,-0.0924574699400522,0.1307301344643254
0.08037029286345052,nan,-0.09593261149790501,0.1307301344643254
0.08037029286345052,nan,-0.09593261149790501,0.1307301344643254
0.08037029286345052,nan,-0.09593261149790501,0.13073013446432546
0.08037029286345052,nan,-0.0924969601850278,0.1307301344643254
0.08037029286345052,nan,-0.0924969601850278,0.1307301344643254
0.08037029286345052,nan,-0.0924969601850278,0.1307301344643254
0.08037029286345052,nan,-0.0924969601850278,0.1307301344643254
0.08037029286345052,nan,-0.0934850167873565,0.1307301344643254
0.08037029286345052,nan,-0.09225228076176682,0.1307301344643254
0.08037029286345052,nan,-0.09225228076176682,0.1307301344643254
0.08037029286345052,nan,-0.09912865308113297,0.13073013446432544
-0.011208668292687385,nan,-0.1006009988363719,0.1307301344643254
-0.011208668292687385,nan,-0.1006009988363719,0.1307301344643254
-0.011208668292687385,nan,-0.1006009988363719,0.1307301344643254
-0.011208668292687385,nan,-0.10120882841782067,0.13073013446432535
-0.011208668292687385,nan,-0.10120882841782067,0.13073013446432533
-0.011208668292687385,nan,-0.012571372614208856,0.13073013446432538
-0.011208668292687385,nan,-0.012571372614208856,0.13073013446432535
-0.011208668292687385,nan,-0.012571372614208856,0.13073013446432533
-0.010887302264701429,nan,-0.012431288974937303,0.13073013446432535
-0.011359756017693104,nan,-0.012880357098544971,0.13073013446432535
-0.015067802139658061,nan,-0.012880357098544971,0.13073013446432535
-0.009524162003813137,nan,-0.012880357098544971,0.1307301344643254
-0.011123986059720469,nan,-0.014077872094832088,0.13073013446432538
-0.011123986059720469,nan,-0.014077872094832088,0.13073013446432538
-0.012453009737542955,nan,0.08256169483593004,0.13073013446432535
-0.012453009737542955,nan,0.08256169483593004,0.1307301344643254
-0.012453009737542955,nan,0.08256169483593004,0.1307301344643254
-0.012561756346065215,nan,0.08267616318116337,0.1307301344643254
-0.013330597914441092,nan,0.08224443874622742,0.1307301344643254
0.08269357124776223,nan,0.08323809869412697,0.13073013446432544
0.08269357124776223,nan,0.08323809869412697,0.1307301344643254
0.08269357124776223,nan,0.08081665292957582,0.13073013446432546
0.08060332131028393,nan,0.07857558152721052,0.13073013446432546
0.08060332131028393,nan,0.07857558152721052,0.13073013446432546
0.08060332131028393,nan,0.08981215717864613,0.13073013446432544
0.08060332131028393,nan,0.08981215717864613,0.1307301344643254
0.08334787857298862,nan,0.09275604821118529,0.1307301344643254
0.08334787857298862,nan,0.09275604821118529,0.1307301344643254
0.08334787857298862,nan,0.09275604821118529,0.1307301344643254
0.08334787857298862,nan,0.09275604821118529,0.1307301344643254
0.08334787857298862,nan,0.09533865686739362,0.1307301344643254
0.08076567969219531,nan,0.09256153207208251,0.1307301344643254
0.08076567969219531,nan,0.09256153207208251,0.13073013446432535
0.08163138798749019,nan,0.09356292997338944,0.1307301344643254
0.08163138798749019,nan,0.09356292997338944,0.1307301344643254
-0.005389658593525587,nan,0.08951758129720652,0.1307301344643254
0.08163138798749019,nan,0.0910214125180341,0.13073013446432535
0.08163138798749019,nan,0.0910214125180341,0.13073013446432538
0.08163138798749019,nan,0.0910214125180341,0.13073013446432538
0.08163138798749019,nan,0.0910214125180341,0.1307301344643254
0.08163138798749019,nan,0.0910214125180341,0.1307301344643254
0.08537202763077693,nan,0.09441543897809919,0.1307301344643254
0.08537202763077693,nan,0.09441543897809919,0.1307301344643254
0.08505858152385982,nan,0.0945232366738434,0.1307301344643254
-0.003182742126456161,nan,0.09185631100809256,0.1307301344643254
-0.0027383127095542575,nan,-0.004825948079399941,0.1307301344643254
-0.003560766051319261,nan,-0.005583200209405029,0.1307301344643254
-0.003560766051319261,nan,-0.005583200209405029,0.1307301344643254
-0.006838090312078398,nan,-0.008593797736835407,0.1307301344643254
-0.10856338419445721,nan,-0.008251193179074119,0.13073013446432544
-0.008882343784887633,nan,-0.008251193179074119,0.13073013446432544
0.08345875746795249,nan,-0.0028172821052356327,0.1307301344643254
0.08297046387282313,nan,-0.0032698189665776446,0.1307301344643254
0.08297046387282313,nan,-0.09580800376544822,0.13073013446432544
-0.003637223750868526,nan,-0.09580800376544822,0.13073013446432544
0.08373016707073495,nan,-0.007100372729210854,0.1307301344643254
0.08373016707073495,nan,-0.007100372729210854,0.1307301344643254
0.08373016707073495,nan,-0.008569249746715439,0.13073013446432535
0.08373016707073495,nan,-0.008569249746715439,0.1307301344643254
0.08373016707073495,nan,-0.0014964935063895483,0.13073013446432535
0.08188756697283253,nan,-0.0014964935063895483,0.1307301344643254
0.08397629384856685,nan,-0.0014964935063895483,0.1307301344643254
0.08397629384856685,nan,-0.0014964935063895483,0.13073013446432535
0.08397629384856685,nan,-0.005045012208622695,0.13073013446432535
0.08397629384856685,nan,-0.0019706432720763144,0.13073013446432535
0.08397629384856685,nan,-0.0019706432720763144,0.13073013446432535
0.08397629384856685,nan,-0.0019706432720763144,0.13073013446432535
0.08397629384856685,nan,-0.008918524953965848,0.13073013446432538
0.08397629384856685,nan,-0.008918524953965848,0.13073013446432538
0.08397629384856685,nan,-0.004376613129812707,0.13073013446432538
0.084363456143894,nan,-0.004376613129812707,0.13073013446432535
0.084363456143894,nan,-0.0032839607434945826,0.13073013446432535
0.08103373855914095,nan,-0.006839950573155546,0.13073013446432535
0.08103373855914095,nan,-0.006839950573155546,0.13073013446432535
0.08103373855914095,nan,-0.006839950573155546,0.13073013446432535
0.08103373855914095,nan,-0.006839950573155546,0.13073013446432535
0.08103373855914095,nan,0.0893537501457537,0.13073013446432538
0.08103373855914095,nan,-0.005355330822856634,0.13073013446432535
0.08103373855914095,nan,0.0893537501457537,0.13073013446432535
-0.005069511014934839,nan,0.08964565776739765,0.13073013446432538
-0.005069511014934839,nan,0.08964565776739765,0.13073013446432535
-0.005069511014934839,nan,0.08964565776739765,0.13073013446432535
-0.005069511014934839,nan,0.08964565776739765,0.13073013446432535
-0.004598580323687174,nan,0.08988500067106733,0.13073013446432538
-0.004598580323687174,nan,0.08988500067106733,0.13073013446432535
-0.003941226874972776,nan,0.09060489716393334,0.13073013446432535
-0.003941226874972776,nan,0.09060489716393334,0.13073013446432535
-0.003941226874972776,nan,0.09060489716393334,0.13073013446432535
-0.002179653661851659,nan,0.09211193029651571,0.13073013446432538
-0.002179653661851659,nan,0.09211193029651571,0.13073013446432538
-0.002179653661851659,nan,0.09211193029651571,0.13073013446432535
-0.002179653661851659,nan,0.09211193029651571,0.13073013446432538
-0.002179653661851659,nan,0.09211193029651571,0.13073013446432535
-0.0008247379343810171,nan,0.09350582921376256,0.13073013446432535
-0.0008247379343810171,nan,0.09350582921376256,0.13073013446432535
-0.0008247379343810171,nan,0.09350582921376256,0.1307301344643254
0.08527851163969477,nan,0.003590010142055483,0.1307301344643254
0.08527851163969477,nan,0.003590010142055483,0.1307301344643254
0.08527851163969477,nan,0.003590010142055483,0.1307301344643254
0.08231950728343357,nan,0.000344338926628459,0.1307301344643254
0.08231950728343357,nan,-0.0038928576288616056,0.1307301344643254
0.08598643073831028,nan,-0.0002920410346337453,0.1307301344643254
0.08598643073831028,nan,-0.0002920410346337453,0.13073013446432538
0.08598643073831028,nan,-0.0021232677323874175,0.13073013446432538
0.08598643073831028,nan,-0.0021232677323874175,0.13073013446432538
0.08260949823949293,nan,-0.0021232677323874175,0.13073013446432538
0.08260949823949293,nan,0.09720430411651117,0.13073013446432538
0.08260949823949293,nan,0.003278624223903285,0.13073013446432538
0.08260949823949293,nan,0.08959416035334164,0.1307301344643254
0.08260949823949293,nan,-0.00582894693658427,0.1307301344643254
0.08260949823949293,nan,0.08239679638055895,0.1307301344643254
0.08260949823949293,nan,-0.00802038870675051,0.1307301344643254
0.08260949823949293,nan,-0.00961894315032362,0.1307301344643254
0.08260949823949293,nan,-0.00961894315032362,0.1307301344643254
0.08498090537491536,nan,-0.00961894315032362,0.1307301344643254
-0.011027119332801481,nan,-0.011396537826184754,0.1307301344643254
-0.011027119332801481,nan,-0.009188819671265057,0.13073013446432544
-0.011027119332801481,nan,-0.009188819671265057,0.13073013446432544
-0.012331469410371014,nan,-0.009188819671265057,0.13073013446432544
-0.012331469410371014,nan,-0.009188819671265057,0.13073013446432544
-0.007897532061211241,nan,-0.009188819671265057,0.13073013446432544
-0.007897532061211241,nan,-0.010339373295148757,0.13073013446432544
-0.007897532061211241,nan,-0.010339373295148757,0.1307301344643254
-0.007897532061211241,nan,-0.007434705681605631,0.1307301344643254
-0.10227953605102379,nan,-0.007434705681605631,0.1307301344643254
-0.011003968794292539,nan,-0.007434705681605631,0.1307301344643254
0.0850040559134243,nan,-0.009521551667782444,0.13073013446432538
0.0850040559134243,nan,-0.009521551667782444,0.1307301344643254
0.0850040559134243,nan,-0.010841006136730703,0.1307301344643254
0.0850040559134243,nan,0.08662145211500946,0.13073013446432538
0.08555327197831404,nan,0.08711508017720447,0.13073013446432544
0.08555327197831404,nan,0.0906409186711746,0.13073013446432544
0.08586428118644072,nan,0.0906409186711746,0.13073013446432544
0.0872578826822092,nan,0.09208658182845704,0.13073013446432544
0.0872578826822092,nan,0.09208658182845704,0.1307301344643254
-0.00456019916773814,nan,0.09208658182845704,0.1307301344643254
-0.00456019916773814,nan,0.09208658182845704,0.1307301344643254
-0.00456019916773814,nan,0.09208658182845704,0.1307301344643254
-0.00456019916773814,nan,0.09208658182845704,0.1307301344643254
-0.00456019916773814,nan,0.09208658182845704,0.13073013446432544
-0.008301448035722499,nan,0.0885532722070591,0.13073013446432544
-0.008301448035722499,nan,0.0885532722070591,0.13073013446432544
-0.00988147228895771,nan,0.08671350707795934,0.13073013446432544
-0.00988147228895771,nan,0.0018953983458390223,0.1307301344643254
-0.00988147228895771,nan,0.0018953983458390223,0.1307301344643254
-0.005539527869136098,nan,0.006283084753803671,0.13073013446432538
-0.005539527869136098,nan,0.006283084753803671,0.13073013446432538
-0.005539527869136098,nan,0.006283084753803671,0.1307301344643254
-0.005539527869136098,nan,0.002750842436323981,0.1307301344643254
-0.005539527869136098,nan,-0.09435060026506494,0.1307301344643254
0.0918426031440259,nan,-0.09435060026506494,0.1307301344643254
0.0918426031440259,nan,0.002750842436323981,0.1307301344643254
0.0918426031440259,nan,0.002750842436323981,0.1307301344643254
0.0918426031440259,nan,0.09110119348592399,0.1307301344643254
0.0918426031440259,nan,0.09110119348592399,0.13073013446432544
0.09094095059157241,nan,0.09013635074381744,0.13073013446432544
0.09094095059157241,nan,0.09013635074381744,0.13073013446432544
0.09094095059157241,nan,0.09013635074381744,0.1307301344643254
0.09094095059157241,nan,0.09013635074381744,0.13073013446432538
0.09094095059157241,nan,0.09013635074381744,0.13073013446432538
0.09094095059157241,nan,0.09013635074381744,0.13073013446432538
0.09094095059157241,nan,0.09013635074381744,0.13073013446432538
0.09094095059157241,nan,0.09013635074381744,0.13073013446432538
0.09094095059157241,nan,0.09013635074381744,0.13073013446432538
0.09094095059157241,nan,0.09013635074381744,0.13073013446432535
0.09094095059157241,nan,0.09013635074381744,0.13073013446432535
0.09094095059157241,nan,0.09013635074381744,0.13073013446432535
0.09094095059157241,nan,0.09013635074381744,0.13073013446432535
0.09094095059157241,nan,0.09013635074381744,0.13073013446432535
0.09094095059157241,nan,0.09013635074381744,0.13073013446432533
0.09094095059157241,nan,0.09013635074381744,0.13073013446432533
0.09094095059157241,nan,0.09013635074381744,0.13073013446432535
0.09094095059157241,nan,0.09013635074381744,0.13073013446432533
0.09319081739982289,nan,0.09262343569934155,0.13073013446432533
0.09319081739982289,nan,0.09262343569934155,0.13073013446432533
0.09319081739982289,nan,0.09262343569934155,0.13073013446432533
0.09319081739982289,nan,0.09262343569934155,0.13073013446432533
0.09319081739982289,nan,0.09262343569934155,0.13073013446432533
0.09319081739982289,nan,0.09262343569934155,0.13073013446432533
0.09319081739982289,nan,0.09310052055080353,0.13073013446432533
0.09205461333879199,nan,0.09187205374088689,0.13073013446432533
0.08742541947405022,nan,0.08707665723614713,0.13073013446432535
-0.009438870546148618,nan,0.08707665723614713,0.13073013446432535
-0.009438870546148618,nan,0.08707665723614713,0.13073013446432535
-0.009438870546148618,nan,0.005376410075242258,0.13073013446432535
-0.009438870546148618,nan,0.005376410075242258,0.13073013446432535
-0.009438870546148618,nan,0.005376410075242258,0.13073013446432535
-0.009438870546148618,nan,0.005376410075242258,0.13073013446432535
-0.004289703402002095,nan,0.010212630954855445,0.13073013446432535
-0.004289703402002095,nan,0.010212630954855445,0.13073013446432533
-0.004289703402002095,nan,0.010212630954855445,0.13073013446432533
-0.004289703402002095,nan,0.010212630954855445,0.13073013446432533
0.08749395725253065,nan,0.010212630954855445,0.1307301344643253
-0.004289703402002095,nan,0.010212630954855445,0.13073013446432535
-0.004289703402002095,nan,-0.08760123711197165,0.13073013446432533
-0.004289703402002095,nan,-0.08760123711197165,0.13073013446432533
-0.004289703402002095,nan,-0.08760123711197165,0.13073013446432538
-0.004289703402002095,nan,-0.09572929010147659,0.13073013446432535
-0.004289703402002095,nan,-0.09572929010147659,0.13073013446432538
-0.004289703402002095,nan,0.002084577965350512,0.13073013446432538
-0.004289703402002095,nan,0.002084577965350512,0.13073013446432538
-0.004289703402002095,nan,0.09191287811576032,0.13073013446432535
-0.004289703402002095,nan,0.09191287811576032,0.13073013446432535
-0.004289703402002095,nan,0.09191287811576032,0.13073013446432535
-0.004289703402002095,nan,0.09191287811576032,0.13073013446432535
-0.004289703402002095,nan,0.09191287811576032,0.13073013446432535
-0.004289703402002095,nan,0.09191287811576032,0.13073013446432535
-0.004401191521663573,nan,0.09179440738083351,0.13073013446432535
-0.0038988857584893177,nan,0.09239423218289533,0.13073013446432535
-0.0038988857584893177,nan,0.09239423218289533,0.13073013446432533
-0.004656761282308328,nan,0.09163751370484938,0.13073013446432533
-0.0034431856846817454,nan,0.09325314501111463,0.13073013446432533
-0.0026700795434226425,nan,0.0938988638816616,0.1307301344643253
-0.0026700795434226425,nan,0.0938988638816616,0.1307301344643253
-0.0026700795434226425,nan,0.0938988638816616,0.13073013446432535
-0.005053061948099539,nan,0.09149529545774131,0.13073013446432535
-0.005053061948099539,nan,0.09149529545774131,0.13073013446432535
-0.005053061948099539,nan,0.09149529545774131,0.13073013446432535
-0.005053061948099539,nan,0.09149529545774131,0.13073013446432535
-0.008141221940252725,nan,0.08860370231719686,0.13073013446432533
-0.007774164059946491,nan,0.0888622566913952,0.1307301344643253
-0.007774164059946491,nan,0.0888622566913952,0.13073013446432533
-0.007774164059946491,nan,0.0888622566913952,0.1307301344643253
-0.007774164059946491,nan,0.0888622566913952,0.1307301344643253
-0.006123165129440449,nan,0.08979988318358614,0.1307301344643253
-0.004802061372686812,nan,0.09133519987000238,0.1307301344643253
-0.004802061372686812,nan,0.09133519987000238,0.1307301344643253
-0.0020468426777740514,nan,0.09380947717850738,0.13073013446432533
-0.00035258879373814485,nan,0.09536987550700271,0.1307301344643253
-0.003510505013766955,nan,0.09259862088324203,0.1307301344643253
-0.0024665984944230047,nan,0.09375958072032875,0.13073013446432527
-0.0007172097752539629,nan,0.09518203001738905,0.13073013446432527
-0.0007172097752539629,nan,-0.0057342237138387426,0.13073013446432527
-0.0007172097752539629,nan,-0.0057342237138387426,0.1307301344643253
-0.0007172097752539629,nan,0.0033010376061867338,0.13073013446432527
-0.0007172097752539629,nan,0.0033010376061867338,0.13073013446432527
-0.0007172097752539629,nan,0.0033010376061867338,0.13073013446432527
-0.007520117361045746,nan,-0.003226059505929007,0.1307301344643253
-0.007520117361045746,nan,-0.003226059505929007,0.1307301344643253
-0.007520117361045746,nan,-0.003226059505929007,0.13073013446432527
-0.007520117361045746,nan,-0.003226059505929007,0.1307301344643253
-0.007520117361045746,nan,-0.003226059505929007,0.13073013446432527
-0.007520117361045746,nan,0.0886549329052733,0.13073013446432527
-0.007746748948554325,nan,0.0883953112271567,0.13073013446432527
-0.008816547517546432,nan,0.08728825023794207,0.13073013446432527
-0.008816547517546432,nan,0.08728825023794207,0.13073013446432524
-0.008816547517546432,nan,0.08728825023794207,0.13073013446432524
-0.008816547517546432,nan,0.08728825023794207,0.1307301344643253
-0.008816547517546432,nan,0.08728825023794207,0.1307301344643253
-0.008816547517546432,nan,0.08728825023794207,0.1307301344643253
-0.008682213471724815,nan,0.08742966800711145,0.1307301344643253
-0.008682213471724815,nan,0.08742966800711145,0.1307301344643253
-0.009076991075772017,nan,0.08734748560540546,0.1307301344643253
-0.008873205414423577,nan,0.08756574925668953,0.1307301344643253
-0.008873205414423577,nan,0.08756574925668953,0.1307301344643253
-0.008873205414423577,nan,0.08756574925668953,0.13073013446432527
-0.004029564456125312,nan,0.09208418039464096,0.13073013446432527
-0.004029564456125312,nan,0.09208418039464096,0.13073013446432527
-0.004029564456125312,nan,0.09208418039464096,0.1307301344643253
-0.004029564456125312,nan,0.09208418039464096,0.1307301344643253
-0.004029564456125312,nan,0.09208418039464096,0.13073013446432527
-0.004029564456125312,nan,0.09208418039464096,0.1307301344643253
-0.004029564456125312,nan,0.09208418039464096,0.1307301344643253
-0.005036612881264239,nan,0.0917421094888388,0.1307301344643253
-0.005036612881264239,nan,-0.007661240938256202,0.1307301344643253
-0.005036612881264239,nan,-0.007661240938256202,0.1307301344643253
-0.005036612881264239,nan,-0.008205299110588963,0.1307301344643253
-0.005887090559119013,nan,-0.008205299110588963,0.1307301344643253
-0.005887090559119013,nan,-0.008205299110588963,0.1307301344643253
-0.005887090559119013,nan,-0.008205299110588963,0.13073013446432533
0.08708547209278736,nan,-0.011744212077557773,0.13073013446432533
0.08708547209278736,nan,-0.011744212077557773,0.1307301344643253
0.08708547209278736,nan,-0.011744212077557773,0.1307301344643253
-0.008760498845366891,nan,0.0893734952682415,0.1307301344643253
-0.008760498845366891,nan,0.0893734952682415,0.1307301344643253
-0.008760498845366891,nan,0.0893734952682415,0.13073013446432533
-0.008760498845366891,nan,0.0893734952682415,0.13073013446432533
-0.008760498845366891,nan,-0.006917330107229357,0.13073013446432533
-0.008760498845366891,nan,-0.006917330107229357,0.13073013446432533
-0.011411235504640616,nan,-0.006917330107229357,0.13073013446432533
-0.011343002338509002,nan,-0.00650294936096512,0.13073013446432533
-0.011343002338509002,nan,-0.00650294936096512,0.13073013446432533
-0.011343002338509002,nan,-0.00650294936096512,0.13073013446432533
-0.009344745330368847,nan,-0.00650294936096512,0.1307301344643253
0.08669191293813537,nan,-0.00650294936096512,0.13073013446432533
0.08669191293813537,nan,-0.0067510975219604455,0.13073013446432533
0.08669191293813537,nan,-0.0067510975219604455,0.13073013446432533
0.08669191293813537,nan,-0.0067510975219604455,0.13073013446432533
0.08447403042650907,nan,-0.0067510975219604455,0.13073013446432533
0.08447403042650907,nan,-0.008699460824743094,0.13073013446432533
0.08447403042650907,nan,-0.008699460824743094,0.1307301344643253
0.08447403042650907,nan,-0.008699460824743094,0.1307301344643253
0.08693438436778164,nan,-0.008699460824743094,0.13073013446432527
0.08693438436778164,nan,-0.008699460824743094,0.13073013446432527
0.08693438436778164,nan,-0.006427971260707393,0.13073013446432533
0.08693438436778164,nan,-0.006427971260707393,0.13073013446432527
0.08389283006499514,nan,-0.006427971260707393,0.13073013446432527
-0.01069174113677064,nan,-0.006427971260707393,0.13073013446432527
-0.01069174113677064,nan,-0.006427971260707393,0.13073013446432535
-0.01069174113677064,nan,-0.006427971260707393,0.13073013446432535
-0.009579296838946273,nan,-0.006427971260707393,0.13073013446432535
-0.10119054690405717,nan,-0.006427971260707393,0.13073013446432535
-0.10430551278290491,nan,-0.00914399290669816,0.13073013446432535
-0.01104996525896162,nan,-0.00914399290669816,0.13073013446432535
-0.01104996525896162,nan,-0.005961025796468879,0.13073013446432535
-0.01104996525896162,nan,-0.005961025796468879,0.13073013446432535
-0.01104996525896162,nan,-0.005961025796468879,0.13073013446432535
-0.012915106670675365,nan,-0.007899783363987192,0.13073013446432535
-0.012915106670675365,nan,-0.007899783363987192,0.13073013446432535
-0.007849403310100549,nan,-0.007899783363987192,0.1307301344643253
-0.007849403310100549,nan,-0.007899783363987192,0.1307301344643253
-0.007849403310100549,nan,-0.007899783363987192,0.1307301344643253
0.09096867031531337,nan,-0.007899783363987192,0.13073013446432533
-0.007849403310100549,nan,-0.007899783363987192,0.13073013446432533
0.08225371101609237,nan,-0.007899783363987192,0.13073013446432533
0.08225371101609237,nan,-0.007899783363987192,0.1307301344643253
0.08225371101609237,nan,-0.007899783363987192,0.1307301344643253
0.08225371101609237,nan,-0.0034907508776573534,0.13073013446432533
-0.007849403310100549,nan,-0.0034907508776573534,0.13073013446432533
-0.007849403310100549,nan,-0.0034907508776573534,0.13073013446432533
-0.007849403310100549,nan,-0.0034907508776573534,0.13073013446432535
0.08741445342949336,nan,-0.0034907508776573534,0.13073013446432535
0.08741445342949336,nan,-0.0034907508776573534,0.13073013446432535
0.08741445342949336,nan,-0.0034907508776573534,0.13073013446432535
0.08741445342949336,nan,-0.0034907508776573534,0.13073013446432535
0.08741445342949336,nan,-0.0034907508776573534,0.13073013446432535
0.08741445342949336,nan,-2.268020826301357e-06,0.13073013446432533
0.08576223604959211,nan,-0.0013756213376466641,0.13073013446432533
0.08988150884243956,nan,-0.0013756213376466641,0.13073013446432533
0.09112371800085352,nan,-0.0013756213376466641,0.13073013446432533
0.08975265781889638,nan,-0.0013756213376466641,0.13073013446432533
0.08975265781889638,nan,-0.0013756213376466641,0.13073013446432533
0.08975265781889638,nan,-0.0013756213376466641,0.13073013446432535
0.08791036233334278,nan,-0.002761515475506576,0.13073013446432535
0.08791036233334278,nan,-0.002761515475506576,0.13073013446432535
-0.007457671829541367,nan,-0.002761515475506576,0.13073013446432535
-0.006884086776747477,nan,-0.0021979790066655796,0.13073013446432535
-0.006884086776747477,nan,-0.0021979790066655796,0.13073013446432535
-0.006884086776747477,nan,-0.0021979790066655796,0.13073013446432535
-0.006884086776747477,nan,-0.0021979790066655796,0.13073013446432535
-0.006884086776747477,nan,-0.0021979790066655796,0.13073013446432535
-0.006884086776747477,nan,-0.0010919853213692122,0.13073013446432535
0.08942002113400475,nan,0.0018004082971139301,0.13073013446432535
0.08822502688965508,nan,0.0018004082971139301,0.13073013446432535
0.08822502688965508,nan,-0.003042750057967944,0.13073013446432535
0.09091566776662185,nan,-0.003042750057967944,0.13073013446432535
0.09091566776662185,nan,-0.003042750057967944,0.13073013446432533
0.09091566776662185,nan,-0.09041358293658534,0.13073013446432533
0.09091566776662185,nan,-0.09041358293658534,0.13073013446432533
0.09091566776662185,nan,0.005200038102749882,0.13073013446432533
0.09091566776662185,nan,0.005200038102749882,0.13073013446432533
0.09091566776662185,nan,0.005200038102749882,0.13073013446432533
0.09091566776662185,nan,0.005200038102749882,0.13073013446432533
0.09091566776662185,nan,0.006489341236007312,0.13073013446432533
0.09027171726125474,nan,0.005724617978574408,0.13073013446432533
0.09027171726125474,nan,0.005724617978574408,0.1307301344643253
0.09027171726125474,nan,0.005724617978574408,0.13073013446432535
0.08944469473425772,nan,0.09503927811832184,0.1307301344643253
0.08944469473425772,nan,0.09838474225010613,0.1307301344643253
-0.0029975378183846346,nan,0.009070082110358691,0.1307301344643253
-0.0029975378183846346,nan,0.009070082110358691,0.13073013446432535
-0.0029975378183846346,nan,0.009070082110358691,0.1307301344643253
-0.0029975378183846346,nan,0.09423746604972942,0.1307301344643253
-0.0029975378183846346,nan,0.09423746604972942,0.1307301344643253
-0.0029975378183846346,nan,0.09423746604972942,0.13073013446432527
-0.0029975378183846346,nan,0.09423746604972942,0.13073013446432527
-0.0029975378183846346,nan,0.09423746604972942,0.1307301344643253
-0.0029975378183846346,nan,0.09423746604972942,0.13073013446432527
-0.0029975378183846346,nan,-0.003394426699034437,0.13073013446432535
-0.0029975378183846346,nan,-0.003394426699034437,0.1307301344643253
-0.0029975378183846346,nan,-0.002656386039558019,0.13073013446432535
-0.0029975378183846346,nan,-0.002656386039558019,0.13073013446432535
-0.003753585668110834,nan,-0.0033808185740766285,0.13073013446432535
-0.003753585668110834,nan,-0.0022705556731072232,0.13073013446432535
0.08503512637300209,nan,-0.0022705556731072232,0.13073013446432533
0.08147359879081081,nan,-0.006541372302022461,0.13073013446432527
0.08452886064929341,nan,-0.003936083437551114,0.13073013446432527
0.08452886064929341,nan,-0.004338723840714496,0.13073013446432527
0.08452886064929341,nan,-0.0013091816687350127,0.13073013446432533
0.08452886064929341,nan,-0.0013091816687350127,0.1307301344643253
0.08452886064929341,nan,-0.0013091816687350127,0.13073013446432533
0.08452886064929341,nan,0.09184750575076693,0.13073013446432533
0.08452886064929341,nan,0.09184750575076693,0.13073013446432533
0.08452886064929341,nan,0.09184750575076693,0.13073013446432533
0.08452886064929341,nan,0.09184750575076693,0.1307301344643253
0.08236976832098587,nan,0.09032126114765589,0.1307301344643253
0.08236976832098587,nan,-0.004003056758421895,0.1307301344643253
0.07408949084350511,nan,-0.00894494072594277,0.1307301344643253
0.07322225948646623,nan,-0.00894494072594277,0.1307301344643253
0.07322225948646623,nan,-0.00894494072594277,0.13073013446432527
0.07322225948646623,nan,-0.010656362558871818,0.13073013446432524
0.1742009485019317,nan,-0.00513466573775649,0.13073013446432527
0.1742009485019317,nan,-0.00513466573775649,0.13073013446432527
0.08130788967306261,nan,-0.006005585735056211,0.13073013446432527
-0.006613591011011432,nan,-0.006005585735056211,0.13073013446432524
-0.006860936238238536,nan,0.08979454666399485,0.13073013446432527
-0.006860936238238536,nan,0.08979454666399485,0.13073013446432527
-0.006860936238238536,nan,0.08979454666399485,0.13073013446432527
-0.006860936238238536,nan,-0.004303769637391499,0.13073013446432527
-0.006860936238238536,nan,-0.004303769637391499,0.13073013446432527
-0.006860936238238536,nan,-0.004303769637391499,0.13073013446432522
-0.006860936238238536,nan,-0.004303769637391499,0.13073013446432524
-0.006860936238238536,nan,0.08979454666399485,0.13073013446432522
-0.006860936238238536,nan,0.08979454666399485,0.13073013446432522
-0.004547100836739661,nan,0.09220265112956776,0.13073013446432527
-0.004547100836739661,nan,0.09220265112956776,0.13073013446432524
-0.005604105687082091,nan,0.09224427598237989,0.13073013446432524
-0.005604105687082091,nan,0.09224427598237989,0.13073013446432524
