0.020827338478877966,0.03468197838024423,0.008461954389358373,-0.02915158049611613
0.021130663538259653,0.034973226706450755,0.008694181852302085,-0.028496341676697595
0.004918416597475717,0.008464752584004698,0.004632922740375522,-0.024000383176777162
0.004443714443971625,0.008585243624332328,0.00170683665586302,-0.02384577984216496
0.004784030039011844,0.008281512357863008,0.004455375994234734,-0.02400235421735261
0.030608498330486178,0.04290442476084988,0.02029707004774506,-0.02384685882602597
0.03070434181237458,nan,0.02045008120071734,-0.02377112936621767
0.031471337348515704,nan,0.020714679630701394,-0.023908381109018995
0.030903677137967933,nan,0.020477125486862646,-0.023955079920679606
0.03614790079791874,nan,0.030141246713875858,-0.023957286320035492
0.036009848506831865,nan,0.029988741312413247,-0.023957742807324045
0.03603243196931927,nan,0.0300100789339508,-0.023980490539726035
0.03750187336724675,nan,0.03008801703497399,-0.023982988336125804
0.037388448658764006,nan,0.03011042513565443,-0.024012114694882708
0.03753155631654592,nan,0.03025025611024401,-0.024025902270345317
0.03736286905959996,nan,0.03010472848811918,-0.024025148216258146
0.037642882593824645,nan,0.03035954111202277,-0.02397301189605866
0.009363923375928285,nan,-0.005515750258259455,-0.02404027689320326
0.009338748348280634,nan,-0.005665774270887436,-0.019296055252688515
0.009246323041445681,nan,-0.005757214425859747,-0.019320415736668456
0.008892630825909964,nan,-0.0059685830508966475,-0.024465979765109447
0.016641453000305284,nan,0.0045272229797762575,-0.02446227227860287
0.006259903378767473,nan,-0.00922516509273752,-0.024210558047189273
0.0066442729788515065,nan,-0.008974028734578199,-0.022179622998878573
0.006667346166053689,nan,-0.008900230943434173,-0.0224587247103758
0.00653422622358224,nan,-0.00923606988528336,-0.022487073643411903
0.0065246833065217835,nan,-0.009247792646020714,-0.024489983484372868
0.00651953355430035,nan,-0.009316655196516699,-0.024597443045600936
0.006381712796701189,nan,-0.009388910597956435,-0.024582678384382245
0.0066971576760394,nan,-0.009279153532199103,-0.024497075491875464
0.00679377588424146,nan,-0.009119248719739237,-0.013604098286952943
0.006721278712505718,nan,-0.009221756421407878,-0.01348876256398901
0.006479970109895539,nan,-0.009473336336467297,-0.013626505711950898
0.00653862170224262,nan,-0.009429211034811424,-0.025339084745832713
0.006550325642953436,nan,-0.009435436327656532,-0.013942757635896613
0.008891862325014599,nan,-0.005182707721904212,-0.014046724173001818
0.009648728877830304,nan,-0.00472318919709902,-0.013784818624166334
0.00844118933980853,nan,-0.005466665130989479,-0.013879471229699986
0.008276321311637247,nan,-0.005749693180817306,-0.02103781525242096
0.00909996891841136,nan,-0.005086325494694233,-0.02109814556415382
0.010144986667576572,nan,-0.004068813699200535,-0.02030658959921014
0.010108415499720969,nan,-0.004174304685788055,-0.020219167940847604
0.009338165189881065,nan,-0.004697734322896774,-0.020446774538718793
0.009248022146988277,nan,-0.004743597566260416,-0.020542025716149964
0.009273555794193977,nan,-0.004715050413202415,-0.024412551413450084
0.008780884029302438,nan,-0.00505368887727653,-0.024098064577839945
0.008850922121250493,nan,-0.004996340682946077,-0.0240457053991239
0.009254986258906195,nan,-0.004653318123072903,-0.024061271274184254
0.0015609991971730075,nan,-0.014652768286954942,-0.024322665968338125
0.0016988910293614934,nan,-0.014452829059974026,-0.024288811374910374
0.002719371476181287,nan,-0.013534959365344212,-0.023974661220597354
0.002505249133696652,nan,-0.013688770621095414,-0.017767955574560207
0.021876203686328366,nan,0.0154564855717364,-0.01785441482532335
0.02161995630171676,nan,0.01525225516484452,-0.01797726277133513
-0.00985863581788593,nan,-0.009283119436887088,-0.018004770082807237
-0.009886674118701255,nan,-0.009379885225835216,-0.01846479988823832
-0.009845886336523835,nan,-0.00987464303438168,-0.01836684608954589
-0.010044737201967635,nan,-0.010080025253798808,-0.018363744971964913
-0.00977869347084026,nan,-0.009966342068550849,-0.018510223337433934
-0.00966500909719381,nan,-0.009799471883272126,-0.0007290549245432543
-0.009948787417410232,nan,-0.010162013389013125,-0.0005597329286855801
-0.011063764917432217,nan,-0.025770000058800535,-0.0006973958697160942
-0.011190249845201228,nan,-0.025950359847082882,-0.05140129028230747
-0.01103611056751963,nan,-0.02577146995147722,-0.05142154359483339
-0.01088007096894128,nan,-0.025594680850792584,-0.04549505306070151
-0.006873289472779764,nan,-0.019648225120390217,-0.045449204918572544
-0.006824148569755106,nan,-0.01956978752533256,-0.04536927896939605
-0.007473919465296963,nan,-0.02017336129130276,-0.016481751816818574
-0.0073083772085669185,nan,-0.02009587970301796,-0.016498637247408604
-0.0012470418604696443,nan,-0.0035757156594095063,-0.016780993646469705
-0.001468197645767333,nan,-0.0037319935639013035,-0.016817980033707602
-0.0013319496518469087,nan,-0.0035974952775246205,-0.016207099775116057
-0.0008633499784732601,nan,-0.003062147865825149,-0.015605508632918458
-0.0004597710152690615,nan,-0.0027809509803281562,-0.0018186523985512515
-0.0007008837110248356,nan,-0.0029128808423622976,-0.0018397924557032597
0.020967666151838205,nan,0.02348271077150288,-0.0015519049285281084
0.005953565252253767,nan,-0.0023645217998917722,-0.0013365770702069568
0.005964826401220202,nan,-0.002412707232819944,-0.0017100314303897801
0.006082705873319605,nan,-0.0023525849949204147,-0.015362180623144678
0.006473404316946874,nan,-0.0019784888662018885,-0.020435620470714455
0.00693440521177302,nan,-0.009043813630102204,-0.020210388558416892
0.006610733634473731,nan,-0.009278548473149462,-0.027001042477856785
0.006486231483628813,nan,-0.009415599285521159,-0.026994717990388023
0.006384413016675583,nan,-0.00967077819148865,-0.027004628745185916
0.005935461287807309,nan,-0.00998846345767379,-0.02706516227096925
0.006019890504585179,nan,-0.009918823377383923,-0.027279469514839116
0.005339089517812701,nan,-0.01031834762402195,-0.02728248292358132
0.009667460408809614,nan,-0.006572277696581086,-0.02718636378851713
0.009606347642026059,nan,-0.0066774632606761974,-0.050491250632909046
0.009653236437521362,nan,-0.006598968248863857,-0.050534367411121356
0.009984133256107364,nan,-0.0063023857811722594,-0.05045430834853862
-0.017053256381097226,nan,-0.03126971318170163,-0.050422931016598366
-0.017275972190227917,nan,-0.031192949747570087,-0.04869187655101115
-0.016384965782673122,nan,-0.03078620228031753,-0.05024127147374988
-0.01625688273695025,nan,-0.030671097337859388,-0.05016992647982607
-0.016813052043219034,nan,-0.031227041619340368,-0.05018696941027878
-0.01680723746620738,nan,-0.031194436130794145,-0.05013425670738331
-0.016432901735449756,nan,-0.03078865824857452,-0.049771495470119886
0.03017419361818774,nan,0.019620356443032616,-0.050004187783346976
0.02999535712683654,nan,0.019433896961182806,-0.050003040573064844
0.029933001737392106,nan,0.01938337757504327,-0.05000381798610981
0.029956238768496513,nan,0.019418177501429934,-0.04993460394369567
0.030356949479035,nan,0.019624711813529983,-0.05002466609902273
0.030336491425232204,nan,0.019607451431832512,-0.05024179252320837
0.02937095194042616,nan,0.018768553762122275,-0.05062913915679948
0.02887262778867561,nan,0.018270792073856845,-0.050894004246068325
0.028830971336440303,nan,0.018244549539089383,-0.05090997678745557
0.006172102638947963,nan,0.00647151164894022,-0.050888922549513216
0.014330315945650707,nan,0.013317779175809452,-0.05075491501644877
0.014756329334840279,nan,0.013801012190047923,-0.05088069637021017
0.014539708286876563,nan,0.01362375672438254,-0.051010714719042116
0.014790335378330521,nan,0.013919230358377166,-0.050846674580241696
0.014395094690934918,nan,0.013598635753663602,-0.04041765148647894
0.014213955359533736,nan,0.018587438332893447,-0.04036082662271567
0.014215576032094557,nan,0.018518534294968747,-0.040411109389792116
0.013536756948606787,nan,0.012992527356071815,-0.040807858534574526
0.013314889565149368,nan,0.012883545738591295,-0.040483325916944285
0.013352266610892172,nan,0.012831412805312414,-0.040483305212349247
0.012567979377342331,nan,0.012418434437061254,-0.023634001964361828
-0.0030319600883627063,nan,-0.004759288899296998,-0.02403755732829846
-0.002890814473941017,nan,-0.004650942611953979,-0.023992357033915557
-0.0029060616749756463,nan,-0.004659725315566465,-0.023896820627189286
-0.0030058255342330087,nan,-0.00621196559916104,-0.024084565023990562
-0.0027513262128672222,nan,-0.010699068318261729,-0.040838526882063936
-0.0025856549991923883,nan,-0.010406351840151928,-0.04049465571318084
-0.007591399314870739,nan,-0.019655041438970566,-0.04040987096642634
-0.005193931861890211,nan,-0.01948540407488919,-0.04033733037347892
-0.0047830144030294175,nan,-0.019094449720234774,-0.04024768009838792
-0.003821786792168491,nan,-0.01880627439316085,-0.04024633253700016
-0.0008837652856679146,nan,-0.004092269696770678,-0.043935942188781774
-0.0007351183591337573,nan,-0.003959196678080978,-0.04406839021813683
-0.00048357395624920585,nan,-0.018713364580090652,-0.03141726515250687
-0.0016145710081132414,nan,-0.01935396221249175,-0.03146467203188827
-0.0012246937368578514,nan,-0.019326181962579625,-0.03150460355843343
-0.0012909480224080339,nan,-0.01941166985025322,-0.03305682448755218
-0.0010571630923925657,nan,-0.019138391314995284,-0.03579628643289981
-0.000829455147508984,nan,-0.019194706896482505,-0.03576926647411502
-0.000634659633616419,nan,-0.01899304292045012,-0.008448154690602172
-0.0006867091988859153,nan,-0.018865475946053034,-0.008289225533215955
-0.0004838960427723249,nan,-0.018589832423425934,-0.05617479446831855
-0.0004971371896839161,nan,-0.018628560801846716,-0.04140492869285392
-0.0007856213237300569,nan,-0.018906776245781853,-0.041943284075408094
-0.0007825741911987594,nan,-0.018955717881463774,-0.041748981211227776
-0.0007499136627796554,nan,-0.0189143048656073,-0.041712279623681375
-0.0007437987404029789,nan,-0.01882555718452461,-0.041589507224374184
-4.6598371225448076e-05,nan,-0.017994677614640686,-0.041982050146227745
-0.0006751886191838086,nan,0.0004767242124216198,-0.042030418420336474
-0.0005910909162428757,nan,0.000564413052255186,-0.04196621173135978
-0.00013170730396461217,nan,-0.0179455968572243,-0.041872784940117425
-5.377099582459799e-05,nan,-0.01770876980363656,-0.041977569694331085
-4.293930303245208e-05,nan,-0.017792786329441146,-0.04210729511663719
2.7585966361654002e-05,nan,-0.017909182437235938,-0.042999827284344816
-0.0011185242320190802,nan,-0.018924157210034043,-0.04334312402193152
-0.0013172669735189713,nan,-0.01893442078669505,-0.02135916817084721
-0.011719118880387569,nan,-0.028912739723735037,-0.021137233999436816
-0.011452190239738869,nan,-0.02882661692658356,-0.02111828098250626
-0.011634586509214229,nan,-0.029000649451505878,-0.021171038937560532
-0.011440921403900406,nan,-0.028917954609769037,-0.02136812986336717
0.028740108269024733,nan,0.022619524672034874,-0.021501183778701444
0.028508255961687934,nan,0.022434178183559528,-0.021432674027610316
0.02844639135714011,nan,0.02242416310273998,-0.02144413771988596
0.02849727052866302,nan,0.02252141695453802,-0.025795249017881744
0.028590490349065578,nan,0.02260002372013925,-0.03202985296607544
0.01716143659537428,nan,0.005570928298660904,-0.03190096721138577
0.016608172502654006,nan,0.0050241868352159935,-0.03212532851173433
0.016657019179023957,nan,0.0050571152764850025,-0.03560149448766367
0.016444048356726304,nan,0.00492898654522278,-0.030139440812891743
0.01653666164353007,nan,0.00501469449889147,-0.03052551934640768
0.016561329555925486,nan,0.0049832639508679,-0.03050507521812848
0.016612191417352595,nan,0.005028203442646206,-0.03950166461583696
0.016937543595156423,nan,0.005372048378442518,-0.03922327758425373
0.01673513493003964,nan,0.005327095219288536,-0.03923918947337737
0.01709502575808386,nan,0.005635353366540752,-0.039186233648566715
0.016753269076977273,nan,0.005407508628804236,-0.039205877589006566
0.016949768108825758,nan,0.0058721085756492375,-0.03920923857193287
0.017601427169289363,nan,0.006169259497996626,-0.03923375824723449
0.01792574736796082,nan,0.006549026163125915,-0.038745941113391275
-0.013663095836550121,nan,-0.02955076864390932,-0.03902294655433286
-0.013683270935646474,nan,-0.029589075078732707,-0.03909653290424747
0.04218781743641031,nan,0.030122099791816237,-0.038743015891455734
0.0426573014389896,nan,0.03061338451890483,-0.03993927153904159
0.04232823814659503,nan,0.030383244256494968,-0.039911369500724686
0.042487633952882686,nan,0.03029847241670247,-0.03991791610398582
0.04244212310002604,nan,0.030367677460452214,-0.03970262479809519
0.042231928052128054,nan,0.030153307724029466,-0.0397845354775736
0.041642879625881535,nan,0.029774099281650757,-0.05300602809154284
0.041608400515737776,nan,0.029718039618929937,-0.05322981430594345
0.012672442213508384,nan,0.016539304540981625,-0.05336073725176513
-0.009972138941235942,nan,-0.027964722196497538,-0.05337833737794853
-0.009650685024771288,nan,-0.027791687798089215,-0.05328979429014366
-0.009608739222951024,nan,-0.02777049122882841,-0.05336666330928799
-0.00900116732370293,nan,-0.027356650050311793,-0.053473643770713175
-0.00874502516722686,nan,-0.0273055790256323,-0.04161888013695492
-0.00882114615430385,nan,-0.027379892536100126,-0.041854262903957135
0.005285859929241132,nan,0.005973862500142424,-0.053687397726736336
0.00574478825665703,nan,0.006498968755058621,-0.05310478896105
0.005699376665313172,nan,0.006453856878291253,-0.053151308354117244
-0.009198757190563844,nan,-0.02238444773271675,-0.05307900979725741
-0.00877901029296968,nan,-0.009984337894784812,-0.05283653091739743
-0.005338559811614241,nan,0.0029120701073376276,-0.05309887243867947
-0.005561629941996715,nan,0.0027319215865211355,-0.04677656578825057
-0.008982616708864799,nan,-0.027331197035598886,-0.046040364697947006
-0.00826009399952743,nan,-0.026735816630809983,-0.04606138672889737
-0.008235825511627493,nan,-0.026701847611427187,-0.04599364223528779
-0.00854636354983862,nan,-0.026911926949373333,-0.0459750238904707
-0.024778876895663604,nan,-0.027954264058602296,-0.04608599028702473
-0.024759467104093713,nan,-0.027928122973590985,-0.04600127586599781
-0.009825536992577932,nan,-0.027894196740430977,-0.04592361231493189
-0.008583736103948247,nan,-0.026916145781398948,-0.045721736044715744
-0.008610980238653143,nan,-0.02694515544921855,-0.04554669522521504
-0.008593210506996574,nan,-0.026882306007450507,-0.045040129182112365
-0.008689216338357397,nan,-0.02694909090032599,-0.04492379603740565
-0.008484122243853753,nan,-0.025098482965173863,-0.04588859706456913
-0.008424074290063754,nan,-0.025036886774873313,-0.04711405170606381
-0.005139658727141949,nan,-0.006294081042131472,-0.047211480305468845
0.003952588883963104,nan,0.002306587909789215,-0.04745391642324867
0.021522537643015816,nan,0.013341472414271305,-0.047577570211101816
0.02145643556695176,nan,0.013172327357045321,-0.053081314943849656
0.02145209785200064,nan,0.013185823613335867,-0.0474479349824691
0.00760580807611555,nan,0.002193539475239814,-0.04744063604674301
0.013545722142138894,nan,0.006466059868805996,-0.0473078597024508
0.014060726522979183,nan,0.006907756576779778,-0.04578876148453648
0.013748200486379925,nan,0.006583147094247677,-0.045767907356877
0.012950548689114605,nan,0.0061994595341166026,-0.04577479709060783
0.01246982645888306,nan,0.005905830998909289,-0.04594170905462244
0.01273713249233166,nan,0.010160868580920579,-0.04599791271491713
0.012189501384575863,nan,0.010331492265724496,-0.04587116308013253
0.012405536683364304,nan,0.010558470316817226,-0.039542789281693136
0.006323054432184061,nan,0.010517630512727472,-0.03951382199355641
0.003117029118590131,nan,0.010438419545284239,-0.0394301333217868
0.0019424485920677137,nan,0.01033633658506461,-0.03956775673285212
0.002245741426996073,nan,0.01045251135321179,-0.029075491303222456
0.002253917053503196,nan,0.010435089694768585,-0.029019543874584552
0.024143168591811093,nan,0.01061222592587252,-0.029033777789433723
-0.008165059237394301,nan,-0.004926508426544407,-0.029077409519050135
0.024088641069288097,nan,0.010530882563344002,-0.02906937096345416
0.02406498547904179,nan,0.010508162766912243,-0.029036991273734908
0.023967254168626884,nan,0.010504767142832105,-0.029032449907244434
0.023736755395836306,nan,0.01042178067712296,-0.02620227910687667
0.023856697460182152,nan,0.010317680139874996,-0.008229490245826587
0.02407442034822238,nan,0.010602935325215612,-0.016658040588859918
0.024440951117548737,nan,0.011014741506068071,-0.016841409723884565
0.024394482201747225,nan,0.010954739201885055,-0.0169257887362311
0.02468388175712677,nan,0.011252648858389391,-0.017056452357110813
0.024496200407795654,nan,0.011273633844506858,-0.01705490677760485
0.024539399457956912,nan,0.0113201126059701,-0.016800443588832814
0.023954387113152786,nan,0.010828983965165073,-0.001434318489259484
0.024209120870267498,nan,0.01073143855232983,-0.0017209366439237817
0.024155193649477824,nan,0.010691711414970606,-0.0016880258763389833
0.024022840200166762,nan,0.010549099123810968,-0.0018809988393466148
0.02382484394744011,nan,0.010332768937438841,-0.011771999952057105
0.0245614007890661,nan,0.011161302421023866,-0.010276719989725042
0.02457936099722613,nan,0.011181381863834994,-0.007844872030140643
0.02421618735070452,nan,0.010791134655606549,-0.00530974002756035
0.02429539909295897,nan,0.01085210671072101,-0.005360147828281175
0.024197823183727762,nan,0.010802735694937171,-0.00551307299764639
0.02712530851927042,nan,0.015684584048465067,-0.005490275747446011
0.026846202032623556,nan,0.015353958559279568,-0.005433190855735237
0.026566160004601325,nan,0.015241993357419825,-0.0039016173718697256
0.026135914844312103,nan,0.014841885793788978,-0.003927659673712364
0.026163035700130344,nan,0.01487437299606631,-0.003924443649457793
0.026466377524339002,nan,0.015062678936870744,-0.004088753670311779
0.026886390927039927,nan,0.015377531800645161,-0.007931711640530109
0.026441468467825913,nan,0.015104067559948642,-0.007902509766134824
0.026996000296465428,nan,0.015454960079483326,-0.00791223953019185
0.026899250410629683,nan,0.015380813960831352,-0.00808022049125054
0.027422397216412153,nan,0.015776144099767242,-0.008187992437791392
0.027325416408959358,nan,0.015702725237843662,-0.008121410161979536
-0.009535622198094784,nan,-0.025691030742238274,-0.008112841372006158
-0.009253018771585353,nan,-0.025324143296695467,-0.011845814443633973
-0.03560763534675526,nan,-0.03612682612890883,-0.011734932411103877
-0.00814750156699351,nan,-0.018492901552724317,-0.011309411897732241
0.002830576838405041,nan,-0.010613117702295227,-0.011427196807106632
0.0027992070734187413,nan,-0.0104379381461992,-0.011031507807007457
0.0016356731407793923,nan,-0.003600592784033241,-0.011017389413008338
0.0114773550920515,nan,0.00504539617960853,-0.010842842412524839
0.0125401411356999,nan,0.005830711510637743,-0.010579223918299518
0.012739672387739653,nan,0.005935191918057137,-0.010814931537844491
0.012613228330710657,nan,0.0058426326765003145,-0.009381938095607445
0.017345679706335493,nan,0.005865108713535294,-0.009327052065030539
0.018483625125236602,nan,0.006541418600792048,-0.009511265543734992
0.017926231496670386,nan,0.006146452865138818,-0.0035469375021628946
0.01777853807288532,nan,0.006019660030642693,-0.003554379140655539
0.017391509289466978,nan,0.005573080580412948,-0.0032771258930329727
0.017803028283523092,nan,0.0057802461028912955,-0.009792040451699568
0.017862647856590863,nan,0.005713983275044909,-0.009741678857384112
0.01771058743915055,nan,0.005548188459842396,-0.009722917293041311
0.017626687584750278,nan,0.005433985581181133,-0.009671770588069284
0.007514174770485438,nan,-0.008156790310416717,-0.009703678625511553
0.00739458847524932,nan,-0.008205094683613856,-0.009387364913555213
0.0075197372667061835,nan,-0.008108225108509282,-0.008241052558533829
0.007518693201111093,nan,-0.008050438240486457,-0.008238756664529945
0.006415261302217479,nan,-0.00865394157793653,-0.026144291795163893
0.006556307971634867,nan,-0.008804279157738737,-0.026170242139660183
0.005870526360541972,nan,-0.009485334392455802,-0.026504567077868302
-0.015410922098975988,nan,-0.031313516299460664,-0.02662328219447671
-0.015477347515484685,nan,-0.031446214395304595,-0.04758077717481077
-0.015356108117842382,nan,-0.03126704514815426,-0.026701590490063598
-0.014768799906429764,nan,-0.030729401879560525,-0.02369283664702293
0.016290426683284398,nan,0.003746131751245385,-0.02358621700446059
0.016610868616834695,nan,0.004130103796507578,-0.02365931994279047
0.016107939385435643,nan,0.00361951327160992,-0.018349496730669435
0.015773733658111633,nan,0.0034775236312759583,-0.018371746125610405
0.009437606544799526,nan,-0.0018810694098446712,-0.018121491943907914
0.009058440266330625,nan,-0.001963002490049326,-0.018169949321552414
0.014438411647291094,nan,0.0028183373300367798,-0.018184478311847635
0.012743314228157221,nan,0.007180805910482979,-0.018226498940290686
0.01248545898735065,nan,0.006932515350025148,-0.006504197045842375
0.01868427354761093,nan,0.007121655185745146,-0.011108995684315587
0.022653988521948887,nan,0.010675286164349651,-0.011569168042600553
0.022664119958820117,nan,0.010685562215081434,-0.013684181582184346
0.022635907230501573,nan,0.010654847778672871,-0.01388289301966994
0.02240482393030918,nan,0.010350983189561735,-0.014484510282008173
0.022362356521576032,nan,0.010285295344446221,-0.014449551696476881
0.022496511189934343,nan,0.010082971702008225,-0.014433768985677109
0.022445416586150846,nan,0.01005667386936604,-0.012579123775738665
0.022485561388279174,nan,0.010038103698178813,-0.012743229871640532
0.022543282205256365,nan,0.010114058598096665,-0.011387065618470582
0.02228679102718345,nan,0.00988277209631705,-0.011444068532322993
0.023216395121299804,nan,0.010630563016417072,-0.01147035807633806
0.02333203713999321,nan,0.010757728025490132,-0.011005828471515294
0.02353573545518317,nan,0.011042373494288493,-0.010339672086369017
0.02351697639012784,nan,0.010961373199067537,-0.0358995690596868
0.02374960903781309,nan,0.011059968532744047,-0.03583495348734486
0.023537830622129885,nan,0.010908799806375158,-0.03937401197766324
0.012264610082230676,nan,0.010618416884688342,-0.03952045523205794
0.02380625102432865,nan,0.011171154006440642,-0.039375127872525145
0.02308982435939777,nan,0.010853968113754608,-0.03926264341423416
0.023184641736922806,nan,0.010901611912140119,-0.03930901575314935
0.012597831576384055,nan,0.010685165164563193,-0.039059208744038565
-0.013143788707753679,nan,-0.02986672197355572,-0.039257750421082344
-0.014212707121708634,nan,-0.030873062866419054,-0.039335525027807516
-0.007498251119272492,nan,-0.009630767661082729,-0.039187263606694445
-0.007485370263159763,nan,-0.009614736543719915,-0.03891753054261357
0.011573547304175369,nan,0.023901964838362377,-0.03902397273397715
-0.0075911975072437965,nan,-0.009740358020086881,-0.03858906565798373
-0.007419963374817429,nan,-0.009793471307191992,-0.038856617288823336
-0.0074350412927303156,nan,-0.0097644889137104,-0.05251619922424022
-0.007198076470958381,nan,-0.009615544968819445,-0.045784887297141086
-0.007108114558058043,nan,-0.009540606784206207,-0.05238581457530586
-0.006771007345198865,nan,-0.009163211554703898,-0.05457053657350644
-0.007452371816343395,nan,-0.009942369445915089,-0.05069038989174263
-0.00770229610490214,nan,-0.010047982196344285,-0.047230550221904755
-0.008209998983984668,nan,-0.01024697633423921,-0.04347928834311665
-0.007836973989868934,nan,-0.009894022898391475,-0.03785690763413363
-0.008352955465668943,nan,-0.010361119843630973,-0.043502522430626384
-0.0018766484129212335,nan,-0.0048426935552395856,-0.04397035308444419
0.0012669746953865024,nan,-0.004529149779604391,-0.04443863205947621
0.0012381761533668545,nan,-0.004628363091675691,-0.04438547507795734
0.0014031440730993827,nan,-0.013858239054456156,-0.04479116299543559
0.0013297694813810823,nan,-0.014023614040822974,-0.04540281331588031
0.001328556167788486,nan,-0.014020698410002086,-0.04539346702728328
0.001687373462418651,nan,-0.01364827168949978,-0.04815487499666865
0.03577591179102124,nan,0.03480509330425763,-0.04799229679756037
0.04345720940255038,nan,0.034721416936640104,-0.04795375666262966
0.04345326161489549,nan,0.03472356543756172,-0.0479143869770757
-0.006307012327951278,nan,-0.021117180043743522,-0.04791820315807266
-0.006169076758986924,nan,-0.020914342938075037,-0.04806811404515332
-0.005932510070139174,nan,-0.02063585716528682,-0.018795298166679658
-0.005900141306800166,nan,-0.02067702073574662,-0.018546281208475762
0.004826149213297826,nan,-0.01046890709985493,-0.018330997240869923
0.044983120850980884,nan,0.03911250196703775,-0.018523424574191205
0.04486747304316108,nan,0.03893310993818766,-0.0350611986694353
0.04507052980999526,nan,0.03922649283855151,-0.017978131446395207
0.04456381477489457,nan,0.03861576391088606,-0.02051693364487242
0.04433461265543703,nan,0.03838994246750416,-0.020516782028111774
0.044534106546490704,nan,0.038601598563145045,-0.02012308199562099
-0.0042715477294943405,nan,0.005015514477453853,-0.020070914788089533
-0.004418623693069446,nan,0.004816740789093221,-0.020321135805363516
-0.0045009225157768284,nan,0.004741778420960907,-0.020365529028212842
-0.004825081895594607,nan,0.004595560280596711,-0.02009239693655604
0.0315767500289853,nan,0.026586402930926845,-0.020256157463598934
0.021318569904715368,nan,0.011182044101226474,-0.020284635471700563
0.04737456067681389,nan,0.04258215565346035,-0.020207801564510908
0.048586450311293605,nan,0.04371310577100773,-0.020286074254028424
0.04749984320959122,nan,0.04259451415933324,-0.020406346268351222
0.04778948920848214,nan,0.04290937892387048,-0.03489310725145306
0.04755957265640043,nan,0.042655162454104945,-0.035052909924202846
-0.014200740086330543,nan,-0.03200042341317638,-0.035040798038653814
-0.013880612523675007,nan,-0.03168937183636905,-0.03465619849402776
-0.013693171715675745,nan,-0.03162320907762389,-0.03488823244657807
-0.013616258698618822,nan,-0.031455913825972626,-0.047155874979728396
-0.013568335024829792,nan,-0.03130562976241208,-0.04650416245043393
-0.013482834213734196,nan,-0.0312135947742313,-0.04657808333918459
-0.01259425616299803,nan,-0.03033927514204532,-0.04642936111219925
-0.012449311690634013,nan,-0.030237765823689366,-0.04622499222547721
-0.01238891997523106,nan,-0.030164326300616995,-0.039837793369714214
-0.01226175207612512,nan,-0.030035382861345605,-0.03998620315063575
-0.01988520416812689,nan,-0.036481302924008474,-0.04029657803282183
-0.018775072035088436,nan,-0.035523560447612235,-0.040263086190682446
-0.01904036211866955,nan,-0.03573903911579929,-0.040377558781856976
-0.01937767373268784,nan,-0.03598317069873641,-0.0401514497896342
-0.019374273622374316,nan,-0.03596945094597931,-0.04079462890870525
-0.018034203453547115,nan,-0.033694463240201644,-0.040843819882105864
-0.01818488655671202,nan,-0.03378901043701821,-0.02693534519943669
-0.01832151129818005,nan,-0.03374463572735098,-0.02691960578459368
-0.017845966294439686,nan,-0.03345528648967788,-0.026921041966939008
-0.018088109752410486,nan,-0.033468693795662086,-0.01948182114998731
-0.018204200207334154,nan,-0.03357149402382442,-0.017484215330807906
-0.018226105062287168,nan,-0.03360701670622346,-0.017749605737046537
-0.018247483931486563,nan,-0.03346481826144043,-0.03762728879542676
-0.01728764203182076,nan,-0.03303037431886979,-0.0404808704659288
-0.017291640033525346,nan,-0.033036847409155023,-0.040481407362455396
-0.01730374905758214,nan,-0.03298412488209357,-0.046453845282643014
-0.017344512794418954,nan,-0.033002343592883565,-0.046249282700675326
-0.018076908802157177,nan,-0.033310667995104626,-0.02546347283909503
-0.017812050024086923,nan,-0.03305335981751012,-0.025056989778598826
-0.017602581129891104,nan,-0.032991885771715745,-0.025219881886170775
-0.017789127885220912,nan,-0.033185063851230434,-0.02627927887528303
-0.017797537448553946,nan,-0.0331804674258761,-0.02649684154006013
-0.017785128663604044,nan,-0.03316502739332072,-0.02936979449128216
-0.017916060449859494,nan,-0.03336737235766962,-0.029373585378733802
-0.01812154882378536,nan,-0.033529734381752885,-0.02927056562871516
-0.01831981233454283,nan,-0.03373606706027299,-0.029734457209392273
-0.017896490079345795,nan,-0.03327637251242466,-0.02952639939530402
-0.0179440478819739,nan,-0.03333999142088484,-0.02962291541542239
-0.018024209333263097,nan,-0.03335010121835308,-0.029731697728650724
-0.018345289782825347,nan,-0.033797408375979276,-0.030004492794314858
-0.014205729569200742,nan,-0.02369194100359262,-0.05462524626100193
-0.014471316082384167,nan,-0.023981538009605785,-0.05485155170079287
-0.01791442191445536,nan,-0.026574042965450073,-0.04982940117344556
-0.01748694612627999,nan,-0.027306105994507834,-0.04980241923288373
-0.018060068483071512,nan,-0.027924730046815893,-0.05013154218630461
-0.018315621856127673,nan,-0.03415593333783601,-0.05346835526789248
-0.018368423877546447,nan,-0.034197523230683424,-0.05388600553587533
-0.01830555657736599,nan,-0.03411039546120803,-0.05384969224428365
-0.018574418745477494,nan,-0.030909061936466864,-0.04992686538786387
-0.018399376174397353,nan,-0.030741740493499703,-0.03972677329619628
-0.01841763549620734,nan,-0.030749247356124443,-0.041030441950333146
-0.018373054775458586,nan,-0.0307999063901086,-0.04130775736669287
-0.01819908032014106,nan,-0.01912560709214317,-0.040827525564347406
-0.0191875830869237,nan,-0.019143750453561648,-0.04092027214958385
0.013040827227043361,nan,0.014551668849029364,-0.04108796197464429
0.013095047173353191,nan,0.014645038928917331,-0.03215820286007984
0.03177507187920725,nan,0.018780998311954344,-0.012053497964708837
0.03173199965512252,nan,0.01875850212159358,-0.01266097936171831
0.032318962802941886,nan,0.01925057348188919,-0.013804380992745946
0.03257510986423007,nan,0.01944725311406048,-0.01126591160660384
0.03215195343497257,nan,0.01906450509620805,-0.011595092477215324
0.03168877612042542,nan,0.018726430254096704,-0.011983749166358887
0.03171031238012312,nan,0.018763692674014676,-0.011907951251161258
0.012684495618146774,nan,0.018413980197975244,-0.0326623113660891
0.012604144777859316,nan,0.018358429332860915,-0.025284349393301403
0.012557073261989182,nan,0.018242341167911902,-0.031016279507387112
0.012510019675600503,nan,0.01809845112040942,-0.03093567333425687
0.013229054915566918,nan,0.01865832430167036,-0.03071329205954712
0.013012074554236253,nan,0.018576198142540634,-0.030632221290941702
0.013102626880109991,nan,0.01863660109424725,-0.030055206149693564
0.013653120265748941,nan,0.019169284802353248,-0.030080863373485256
0.013386300797644357,nan,0.018988131757477822,-0.030106060224168202
0.01397343143695251,nan,0.019280025483591978,-0.050471410822300306
0.014106534502878354,nan,0.01936787575416754,-0.050611450944901853
0.03341732611261028,nan,0.020066092075312292,-0.029585425807988064
0.033083269103837076,nan,0.01981939154857626,-0.017349328729729357
0.03241725469708112,nan,0.019565534536639673,-0.017427948206971466
0.03242504714770034,nan,0.019497187045225073,-0.017300897677787946
0.03288027482855682,nan,0.019671696226090107,-0.01724983903002522
0.032233363620762234,nan,0.019193526156547902,-0.017160911870080786
0.03236347692651065,nan,0.019170842283525058,0.003250015090917324
0.03235599807998091,nan,0.019162611217705572,0.0032251257738280525
0.032415347475667655,nan,0.019219598047085618,0.003349438657956977
0.03165555510450413,nan,0.018538252729319527,0.003111357758498662
0.03152090080568637,nan,0.018382142797592538,0.01172790761430409
0.03155555989452108,nan,0.01841361141511566,0.011409796312697201
0.031240455531773348,nan,0.01817621017398674,0.011349444330094105
0.013516561912315872,nan,-0.0012918653842557415,0.011628197326247924
0.013758558553198519,nan,-0.001194884702463539,0.011505560754628802
0.014599239810340836,nan,-0.0006043458200893914,-0.01188389171216056
-0.018175239667453935,nan,-0.03804523408188093,-0.011398404728665351
-0.01730270986499527,nan,-0.037154205593205536,-0.010983924562181557
-0.01702322813163326,nan,-0.03678321464577744,-0.010529904149443908
-0.017268929380521603,nan,-0.037060598794487476,-0.010527352549283497
-0.016874448420109545,nan,-0.03667134661670207,-0.014290775604903161
-0.016874448420109545,nan,-0.03667134661670207,-0.014290775604903133
-0.01719205234332999,nan,-0.037047512931700444,-0.011177833854367575
0.012605372974724416,nan,0.01109361570295675,-0.011660721657599099
0.012031788754994444,nan,0.010864469792780662,0.0043103212133717705
0.012420456385396905,nan,0.011295395355884974,0.004365498436071674
0.012386232874617265,nan,0.011307579455251404,0.004309675952487629
-0.003509174971611184,nan,-0.02065699679041133,0.004458202094469121
-0.0032983634888243962,nan,-0.020434577063608073,0.004566272628164447
-0.003399214394609884,nan,-0.020518065725797507,0.003047604551719929
0.01075088949902303,nan,0.0031582265455920577,0.0029962023838621676
0.020988583240203917,nan,0.01909053034809316,0.002993454196022205
0.0203720311535045,nan,0.018443013452390855,0.010035031259282401
0.02014110251135426,nan,0.018178471890102132,0.01008901570577686
0.019884877863014183,nan,0.01781684319601906,0.007094386601497693
-0.008922430543842563,nan,-0.02598215938381332,0.007213453284550475
-0.009083038591720216,nan,-0.026105419549559916,0.005422789625299157
-0.008948487148978113,nan,-0.025953990620978584,0.005452845397588585
-0.009195617965103153,nan,-0.026200482944421566,0.005199262789030323
-0.010539463980804298,nan,-0.02764836220023975,0.005204336886703159
0.025979513886544292,nan,0.025963001129797214,0.005096003981708536
0.02610200821973574,nan,0.026122269507906748,-0.012981656816136306
0.00625766016334639,nan,-0.005998365822245222,-0.013204528272570876
0.0064488715101924665,nan,-0.00585080250556802,-0.010699851524140297
0.0064721563433909335,nan,-0.005820421318418312,-0.010596255646305508
0.006725834959049215,nan,-0.005583948567869146,-0.010613873393991308
0.007093958901300157,nan,-0.005198631877710191,-0.01021291058988777
0.006921771218602157,nan,-0.005409407643712449,-0.009835314852973925
0.0070882401770666625,nan,-0.005325886404574209,-0.009766618209006345
0.032780519549096665,nan,0.02149419388925855,-0.009793718147702357
0.03281566480376119,nan,0.021605218021858663,-0.009648683478767656
-0.002287217037788558,nan,-0.01865186189786061,-0.009928091532770106
-0.00227997182083739,nan,-0.018605349634192914,-0.009918101647396704
-0.0020793539197812017,nan,-0.018337602245536377,-0.009795135167505159
-0.002442934493924853,nan,-0.018341601504675786,-0.009475326733273698
-0.002611182959472047,nan,-0.018435248834556273,-0.009679963598062613
-0.002640981698419642,nan,-0.018480833329237556,-0.009740425964382182
-0.002526026513971158,nan,-0.018635783382428994,-0.01035390591494531
-0.0024353810230278716,nan,-0.01848045538806309,-0.010457704445862692
0.007586662166985336,nan,-0.0074477608389326155,-0.010033666533703911
0.0076690897708985295,nan,-0.0073746882969885075,-0.00997111206402615
0.007469645172322514,nan,-0.007582865309143094,-0.010213453157037589
0.0073228247446902595,nan,-0.00791059562266816,-0.010123974358162896
0.007277120695231232,nan,-0.007948159607460425,-0.01014736397951213
0.0067320285365763954,nan,-0.00823861455310071,-0.009647531626168576
0.006616845265233429,nan,-0.008306876951635678,-0.009595873033836466
0.006626512159133013,nan,-0.008228870105627784,-0.009560561155974173
0.006892841439300135,nan,-0.007988205892875744,-0.009622638137397221
0.0066779248220906195,nan,-0.008185786648900573,-0.0025674472040214946
0.006793292302778919,nan,-0.008070078802049352,-0.0024480566567652295
0.006934619112482943,nan,-0.00788125749075319,-0.014636371783693647
0.00709674545453487,nan,-0.007732168767513481,-0.02093172038905622
0.006986186714003528,nan,-0.007897990896191476,-0.020963591678374777
0.006950192366949937,nan,-0.007993947279611557,-0.02297693748154711
0.006254942465897195,nan,-0.008536728565257445,-0.022782669598588212
0.0067563890062164456,nan,-0.006605346793606914,-0.022877506263559416
0.007325232379576274,nan,-0.005939745805535246,-0.022549636182338656
0.007518162475261159,nan,-0.005759137326534991,-0.022385264811933037
0.007545303100332079,nan,-0.005795036497112549,-0.035115593859169486
0.007414435073070047,nan,-0.006155881364519389,-0.035503896443311395
0.007597633427131378,nan,-0.005936629012486816,-0.002863946855965166
0.007645525864519054,nan,-0.006011936913690286,-0.002944363019175167
0.0073318848603338704,nan,-0.006310243163677565,-0.0028564908860625737
0.007239234693944274,nan,-0.006403041558122546,-0.0027705514123891883
0.006979665063968632,nan,-0.006686514336176175,-0.0013154110701583954
0.007177366607511004,nan,-0.006492356617459061,-0.0011219105372237137
0.006845645384937149,nan,-0.0067476549138054676,-0.02434653401122447
0.007004698446862689,nan,-0.0067105226866442935,-0.010995152237421174
0.007059088163106075,nan,-0.00664988887266782,-0.010892283566381444
0.007287855775804819,nan,-0.006503067283472497,-0.010688783688967612
0.00727658551306587,nan,-0.0066022355683650336,-0.010766077656612527
0.0071439586982862124,nan,-0.006792972612436499,-0.011274132862417352
0.006629048843939445,nan,-0.00737841886065449,-0.012309215803162576
0.006420500265578499,nan,-0.007498310153052246,-0.012381993756878457
0.006389778182339323,nan,-0.007653018154984204,-0.01284608897888162
0.0021705482702064627,nan,-0.014594342210267786,-0.012351903109635215
0.007124922581944637,nan,-0.007420546279604867,-0.012436801066549402
0.006854418562942222,nan,-0.007588276703657915,-0.05222882248989963
0.0076197615584716605,nan,-0.0068696186058919695,-0.05194809501996556
0.007492625024270616,nan,-0.0067972379892438095,-0.05218468349853336
0.007723991266033181,nan,-0.006674373805339973,-0.05187161628014708
0.007467973371675485,nan,-0.006973438151146483,-0.0519273701359991
-0.006434955039340329,nan,-0.02460678267090355,-0.051692332247849054
0.00030075328691014924,nan,-0.0008222142062289661,-0.05189688732879269
0.00021279048072220252,nan,-0.0009644919226988735,-0.05963953423563206
0.00019527706235911158,nan,-0.000990289428785096,-0.05967330090694703
0.0013796672704285973,nan,-0.000509189269094712,-0.05978841401308935
0.0010439620201696531,nan,-0.0007696364459695015,-0.059759176915888806
0.004107313783933919,nan,0.0020512494786740776,-0.059600191953265824
0.002730763183393492,nan,0.0005118243229681463,-0.059530732998190145
0.0029227208809734506,nan,0.0009081076074611838,-0.059478045610655644
0.006987529988250807,nan,0.008660500747485811,-0.05938869423707496
0.015363539686844008,nan,0.008837468909423829,-0.059381597882982806
0.011664801698474836,nan,0.005802921391779736,-0.059515615840128266
0.011870964305578213,nan,0.006056827141257992,-0.059293179890465925
0.01263110638887488,nan,0.006877988756933462,-0.0592833981238052
0.01250554241048707,nan,0.006696445470148582,0.0025405408490002945
0.023344968460081383,nan,0.027384022248630346,-0.03167729182546186
0.023760175453332977,nan,0.027856780381597,-0.03178342483545238
-0.006092455804104668,nan,-0.011271222891345412,-0.03180781479151992
-0.005702625052520394,nan,0.0017528989311969,-0.031784176378487794
-0.0057009771672323906,nan,0.0017602408256752744,-0.04009724928537406
-0.006243274623583539,nan,-0.011049180419550275,-0.040285171373723616
-0.006237178710403302,nan,-0.011483879996257107,-0.04026032221324338
-0.006141272548109589,nan,-0.011145509504474571,-0.049070826946575746
-0.006366907822958345,nan,-0.011492279823380414,-0.04916299473290783
-0.006027098975043832,nan,-0.011329912272344145,-0.012905404737245552
-0.006026038167747716,nan,-0.01129234560913106,-0.012813155982804803
-0.00643274078384326,nan,-0.011528830418331637,-0.05319468267353647
-0.0061007545198928925,nan,-0.011286344127259595,-0.053381558758013425
-0.005605235284507737,nan,0.00022151254827829092,-0.05315521251971522
-0.0053552984210124555,nan,-0.02334779074009996,-0.0530367389914862
-0.0048834107982623776,nan,-0.022992762471538586,-0.05291995809324382
-0.004728537374182107,nan,-0.02293787656802626,-0.05291975158587919
-0.004777892651262938,nan,-0.022822006594104605,-0.05257007558534271
-0.005003504170947748,nan,-0.02303464009385181,-0.05259381369126359
-0.005574447984025399,nan,-0.023470845057364298,-0.05247592533574552
-0.005524113373424622,nan,-0.023600108003821063,-0.05259994261284778
-0.0051158000715084695,nan,-0.023121368641364604,-0.05250822952226694
-0.005293626595683776,nan,-0.023215957669867504,-0.052560080387143576
-0.0057305505787833555,nan,-0.023717657033212936,-0.05265627671170428
-0.005747678424708913,nan,-0.023748773652009225,-0.05186833793991366
-0.005835651881646031,nan,-0.023934444437089475,-0.05243949482844604
0.008748368535916096,nan,-0.0040305979654804425,-0.05239492939614082
0.008391751430183114,nan,-0.004191740330530047,-0.05208061205990075
0.009215801886097608,nan,-0.003686596701033662,-0.05232057088117892
0.009666642099218636,nan,-0.003246131708387945,-0.0519476371338497
0.009195787525248522,nan,-0.0037209371194221186,-0.05225112993976669
0.009267652862548714,nan,-0.0036512921338471838,-0.05221600652582245
0.009284177979212216,nan,-0.0036182447925074968,-0.04672410790751941
0.009843724027557621,nan,-0.002988949192652579,-0.046608223948815836
0.009486144338360036,nan,-0.00321347047498044,-0.046582071530960445
0.0415961946731096,nan,0.0391515141022184,-0.04686822607832647
0.04173733170593397,nan,0.03922728097032113,-0.02711055637984794
0.04158944616671878,nan,0.03915330296829955,-0.05085752121530923
0.021649163591121567,nan,0.012722137870823658,-0.02662044079030293
-0.005805770194025617,nan,-0.023974663039105004,-0.026386030890640788
-0.005036211927434309,nan,-0.023486429201328263,-0.0501055790525437
-0.005329932140647364,nan,-0.023819533477200006,-0.060984149419670536
0.04613082341336827,nan,0.034925825188640736,-0.06131822905781989
-0.016558425638598218,nan,-0.03591977038263333,-0.06114028975858474
-0.016798783413688345,nan,-0.03595102163347913,-0.06126570944515111
-0.016633483867984022,nan,-0.03119520778917756,-0.06143532890979542
-0.016671133904139213,nan,-0.031156058526296937,-0.009641830764930942
-0.016738423141351766,nan,-0.0359481576936978,-0.009472238494830032
-0.016825652521133883,nan,-0.0360184813745526,-0.019178859584636415
-0.016836336252415207,nan,-0.036051989436040655,-0.019224792950276487
-0.016994878650696266,nan,-0.036258878163360764,-0.019464110463417617
-0.016688385722336774,nan,-0.03603541818744255,-0.019081310568840548
-0.01702748199452131,nan,-0.03640526281261697,-0.018995580486562802
-0.01719579013536643,nan,-0.0362993820314213,-0.018992556167268138
-0.017013620719452227,nan,-0.03613787216158032,-0.01900738162564411
-0.017032757998417747,nan,-0.036199088446887406,-0.019217663377143424
-0.01672303575955547,nan,-0.03596100612797021,-0.042624451087764886
-0.016759423713672117,nan,-0.03595640653949145,-0.04227306141895945
0.02325978638910786,nan,0.011940366807751568,-0.04245548920656553
0.023310020041422796,nan,0.011971516770883484,-0.03210623014517422
0.023505581501066075,nan,0.012286497617592818,-0.01956908570591298
0.02386561656098818,nan,0.012683908912602293,-0.02144871974409235
0.015930396361804933,nan,0.003212089512502958,-0.02147187385145044
-0.0019276854634810991,nan,-0.017778797125994728,-0.021399566693986377
-0.0024888744841705668,nan,-0.018227830669426348,-0.020111520146210926
-0.002855904613346505,nan,-0.018513138842679022,-0.020001366645685498
-0.0034015722683173877,nan,-0.019043774778046307,-0.01962348146884696
-0.0024078343499501775,nan,-0.01818363169327375,-0.01941451167570707
0.007365189014001516,nan,-0.006385729720993605,-0.01961803041535426
0.007312495987055079,nan,-0.006534628743045001,-0.010510657801710233
0.006908193276304986,nan,-0.006632794187985236,-0.010456790441553926
0.0068574529239289195,nan,-0.00681832576905117,-0.016911770351883293
0.0066559492817471755,nan,-0.007220395003863844,-0.016815499781965698
0.01026722715928774,nan,4.3014875449887136e-05,-0.017078081492099717
-0.003253687874716471,nan,-0.021336317684439998,-0.016456889311201234
-0.0032912517744378977,nan,-0.021420045073591076,-0.01659916881273321
0.0214725844660143,nan,0.007730880273331353,-0.016895531633182193
0.02146396108592996,nan,0.007955989574921718,-0.01687187290167569
0.02162101300349284,nan,0.008008043868452108,-0.016985132521388946
0.02142113929246725,nan,0.007849772022784252,-0.026315451519168892
0.021267644585849843,nan,0.0076132368420277485,-0.026387159445018765
0.021453238769052363,nan,0.007842677420139665,0.005357995156249878
0.012429494321844148,nan,-0.00013581645522631192,0.005578785714947826
0.012329938300647991,nan,-0.0002597736537421902,0.0056685596132140526
-0.011157552850013852,nan,-0.021129074841128692,0.005424617283091238
-0.01110238196301061,nan,-0.021104800012226477,-0.0016633220906256962
-0.02322551758519875,nan,-0.020413973588240375,-0.0016903721347446832
-0.02334147334086134,nan,-0.020533159578596583,-0.003105104976762335
-0.023382830967809243,nan,-0.020552726326858894,-0.0031029888008797246
0.005061928553123596,nan,-0.009916306672219322,-0.002765969763723064
0.005098795316481941,nan,-0.009829954743277969,-0.0026794035618952494
0.0055759172760724285,nan,-0.009325240438958438,-0.0029068242308983305
0.005512847960729594,nan,-0.00936241770709445,-0.0028600386420267743
0.00563073769366218,nan,-0.009229504593839088,-0.00659218620298499
0.005750017235362503,nan,-0.00914322269411083,-0.006714666985436102
0.006372928807707567,nan,-0.008837632482374791,-0.006933425346074384
0.0063767073310115885,nan,-0.008778549858030837,-0.00692284995286499
0.006070271151360496,nan,-0.00890172168675385,-0.00687531100407951
-0.0018733555464571783,nan,-0.01957110982960497,-0.007003410940959659
-0.002000526770934874,nan,-0.019656009847197065,-0.006980902538713668
-0.001899400538505569,nan,-0.019487377531125505,-0.004507196876867348
-0.0009506345760901258,nan,-0.017036534185416063,-0.00427595123610483
-0.0009526491226018452,nan,-0.017036231097098842,-0.0015339583497955278
-0.0013465253276976341,nan,-0.017451844545400386,-0.0015744029557097083
-0.0021215801117066,nan,-0.01804664223069441,0.01322175598671868
-0.0019515793852052932,nan,-0.017880323556703104,-0.006683728401657818
-0.0016128410205833443,nan,-0.017788614007018033,-0.00012655960749444195
-0.0017257617756133437,nan,-0.01784150309134014,0.01353201810478441
-0.0016308625089893614,nan,-0.017823841867450563,0.01351022502044158
-0.0014829939522278401,nan,-0.017820535106142343,0.0037282734065329226
-0.0014884748350458832,nan,-0.017850724031047926,-0.03491830850969699
-0.0016165403636974052,nan,-0.018006834922381865,-0.037505179703037295
-0.0011982203530959135,nan,-0.01778989523500185,-0.03754798134553919
-0.0013225117735311542,nan,-0.017851464068182832,-0.0375526930341305
-0.0017215116375384198,nan,-0.018025878498632908,-0.010678741440182632
-0.001995155343683108,nan,-0.017931700388876815,-0.014238846213891487
-0.001916353019323247,nan,-0.018200289672187453,0.007251691857948772
-0.002004570977400366,nan,-0.018272937378873477,-0.015431288319035258
-0.0016643529857081063,nan,-0.018019507160363823,-0.015624876653039216
-0.0007585511689671698,nan,0.005252888236287223,-0.01249742652456548
-0.0007104005983268324,nan,0.005525219714588525,-0.028022163511861542
-0.0003483848004371959,nan,0.005845068254077934,-0.03752422239771169
-0.000673755589925662,nan,0.005429212957662077,-0.03767469575922425
-0.0006827712701230615,nan,0.005413308902024294,-0.037709494003379695
-0.0004782875570880085,nan,0.005752030453035517,-0.03707505408851622
0.0019162981196030326,nan,0.0020385648888423535,-0.03715511133156002
0.002147571072537713,nan,0.0022129794972253203,-0.036160129632867494
0.0019359823627533856,nan,-0.013440677199713091,-0.035934150704831525
0.0019296076563877218,nan,-0.013469838579573845,-0.03605725577538235
0.001930274909427654,nan,-0.013295568778868727,-0.036167822154687945
0.0018559149271026865,nan,-0.013397782087964938,-0.03621934111249117
0.002090858451933686,nan,-0.01320789876548889,-0.03619081050125855
0.0022629977731456474,nan,-0.01301037354290191,-0.03624762130715323
0.00225499003855556,nan,-0.01298657041704776,-0.03644221499989056
0.0025377458007590503,nan,-0.012993638553612574,-0.0364769936336127
0.002492849859770052,nan,-0.013391873283689515,-0.03655563331408421
0.002232459860133207,nan,-0.013680719792585117,-0.03673623674425158
0.002008998434771536,nan,-0.013884277795156108,-0.04702957507853697
0.0026169976233336723,nan,-0.013408224034269,-0.04742523996271278
0.002551985085950892,nan,-0.013442539043882928,-0.04740960661186114
0.0024395096891290935,nan,-0.013501665001001917,-0.04754684723199884
0.0025195413730075833,nan,-0.013402218292213441,-0.036466226156603165
0.002606137965816102,nan,-0.01327393438527713,-0.03623388943110675
0.0022706614885864562,nan,-0.013679219501609663,-0.04206431752382753
0.0024265265436492767,nan,-0.01346325371678847,-0.04043318032444179
0.002437266579452757,nan,-0.01346600979059176,-0.040436781580698244
0.002438784679398176,nan,-0.013479285900829807,-0.040537813676826046
0.0025708214124405826,nan,-0.013385669350048701,-0.04049823910029765
0.0023024365934157798,nan,-0.013445451058997526,-0.036177228760581576
0.001269919879166248,nan,-0.014346278691032222,-0.03598913726355957
0.0012826697278180976,nan,-0.0143130689785399,-0.035863891174249374
0.001091444880705006,nan,-0.014422004074973849,-0.035875487765484576
0.0014080476259592523,nan,-0.0141058884970785,-0.035792508025153325
0.00144325499185316,nan,-0.014073398811971005,-0.0350186569394636
0.0008847756680304686,nan,-0.014678779488806137,-0.03488363847026024
0.0008228967166731271,nan,-0.014735272004465116,-0.034784831417590395
0.0004950068171820643,nan,-0.015108702403361263,-0.034587193702344615
0.009398553444531665,nan,-0.006354096227657369,-0.03448906050848741
0.009784531768694205,nan,-0.005981285845099604,-0.034301439461370264
0.0094402739872258,nan,-0.005870882078841899,-0.034420788527439156
0.010005579557856081,nan,-0.005445925385267336,-0.022723197391363414
0.009755959825003102,nan,-0.00573843001587826,-0.022952983135641425
0.009834057033380472,nan,-0.005685363763420881,-0.022962071063855366
0.009150876320398571,nan,-0.006192403546422809,-0.04197409184977707
0.01246706052112423,nan,-0.002166152486640427,-0.04231470545670413
0.012784844475819512,nan,-0.001874846391459184,-0.044311724011638326
0.012778662577855426,nan,-0.0019032066110636903,-0.044320840751114365
0.01243006063698271,nan,-0.002189430185512098,-0.044443369206748407
0.013066203754572236,nan,0.0078832838180255,-0.04445468870512789
0.012439495303027126,nan,-0.0022349386249393977,-0.044425829601523664
0.012752963833149278,nan,-0.0019600076882914097,-0.04446579423348554
0.012655836396870845,nan,-0.0020413676740671516,-0.04657973293126144
0.032220228322952016,nan,0.022831638893392125,-0.04646397877374581
0.032235184120596894,nan,0.02295700298592196,-0.045427921243006986
0.03239983605736896,nan,0.022744892325434196,-0.05481552610165147
0.03266636672489509,nan,0.023060241751686528,-0.05484275928924856
0.03229328534310616,nan,0.022723493425152785,-0.05504954401861034
0.032163135096400786,nan,0.022486597604112313,-0.05498904294799861
0.03213856865817588,nan,0.022510473267969178,-0.05499543634042614
0.03215429625195976,nan,0.022273132260359874,-0.05513022197473677
0.016359712304443774,nan,0.0035497600479446056,-0.055293644493461774
0.01642932227655003,nan,0.003790515469089928,-0.055002430625363585
0.016090657323196922,nan,0.003714459934543002,-0.04019464506045747
0.016234013651601487,nan,0.0038454945775682203,-0.04019331297812548
0.016740105419290607,nan,0.004020516740186331,-0.05706631145792529
0.01663600241163099,nan,0.004472042952863742,-0.05657669641014193
0.01676114547276153,nan,0.004591298021362822,-0.05661080635719018
0.016826681641503805,nan,0.004756861924611999,-0.056782818553746034
0.01690330413779384,nan,0.004897617138519772,-0.05528395156412483
0.016435311788613904,nan,0.004765838045588722,-0.044588186135927244
0.016723791884889594,nan,0.005016221120286324,-0.05527136975712127
0.01674741230828103,nan,0.004938560839997219,-0.05567146765064951
0.016738153904929054,nan,0.004932193426741338,-0.04767968447188553
0.01672796137899002,nan,0.004875613838874471,-0.04766511319824565
0.01709873763426728,nan,0.004843420045378188,-0.047732889204993634
0.01663622539648435,nan,0.004821061298616591,-0.04753666444591617
0.039803437940124864,nan,0.037041315405246134,-0.04731833281385331
0.03670456967422109,nan,0.027721614220124757,-0.04739337744832181
0.036780076259121275,nan,0.027549538867860712,-0.047236807220959964
0.0365545517272009,nan,0.027161456129368045,-0.04774430419509104
0.03660548267117858,nan,0.027262612128289287,-0.04776340845736765
0.03675041834926962,nan,0.027323871632644714,-0.04808741870997038
0.03662782611381454,nan,0.027238787738092074,-0.048148140470814255
0.036043817299705516,nan,0.026888056377785574,-0.04722642093304388
0.03593659315972486,nan,0.026784194720315124,-0.046065324922718226
0.035953832072731395,nan,0.026759293952166474,-0.045727173575624336
0.03599516042852824,nan,0.026773013392746847,-0.04146481912184716
0.036299925047959314,nan,0.027142053416158163,-0.044981885456194276
0.03598299676280825,nan,0.026776601189970606,-0.045070126957504064
0.01952389162713175,nan,0.01948186082865322,-0.04506944652097419
0.03612190716392505,nan,0.026687226635419004,-0.04509617045040712
0.02595941672776436,nan,0.01963195937402684,-0.04526786945841163
0.026098296270438248,nan,0.019799036470465325,-0.04529102491607201
0.026079705212452287,nan,0.019780078625319608,-0.045275721743087916
0.03627669306271919,nan,0.02664542605471454,-0.04537042478571471
0.03626452679486514,nan,0.026619524111378245,-0.04529426064919062
0.0362641342623512,nan,0.026627539512202092,-0.04532936876062757
-0.024489984869106474,nan,-0.04194436496278353,-0.04502403858390144
0.014981697424911289,nan,0.006979100340088862,-0.04521514231943119
0.014551433595281882,nan,0.006542953525009332,-0.0456664773526865
-0.004198894254142549,nan,-0.021231157520664845,-0.045478617053095804
-0.0038706330161848435,nan,-0.020914521222696547,-0.04541231400306914
-0.0038264325800051457,nan,-0.021031493157378067,-0.045856829005313016
-0.003532813785354194,nan,-0.020750731621091534,-0.045710629892987964
-0.002977140100383635,nan,-0.020156356949513232,-0.04497238632003486
-0.002948138081253493,nan,-0.020121512259543506,-0.0453285175000499
-0.0036438613373790396,nan,-0.020814328598123932,-0.04581652173834133
-0.0036104750460598245,nan,-0.01658501448925198,-0.04569561551513268
4.824735403097247e-05,nan,-0.013968935576130548,-0.04566921046803557
-0.00015312903318087656,nan,-0.014123542225937258,-0.04561246813898773
-0.0004560202360018861,nan,-0.014475258163312077,-0.023264721999551374
-0.000229659058946452,nan,-0.01423663567386213,-0.026851441628163525
-0.0006047107149624864,nan,-0.014588692688180416,-0.026857012505597272
-0.0008538476848161114,nan,-0.014626931922069986,-0.026299341629899747
-0.0006014565810149586,nan,-0.014516052079123654,-0.026510170847224956
-0.00038090100672183436,nan,-0.01431251845242587,-0.026367647580828518
-0.00129845097721637,nan,-0.015060123599042408,-0.026207724227066548
-0.0012632432397758908,nan,-0.015024212139647553,-0.026199161543333294
-0.0015963420417947072,nan,-0.015368419993036952,-0.020815886826044988
-0.0019005836614388594,nan,-0.015469332063947738,-0.020872264784513955
-0.002068591698533351,nan,-0.01564529562286099,-0.020859037177654416
-0.0018476678435155325,nan,-0.015405433644402722,-0.021809314753902243
-0.0009359758437106347,nan,-0.014850216230670399,-0.0218732482875372
0.00036356397010517405,nan,-0.014157531792593714,-0.02226460807170544
0.0005600496086595186,nan,-0.013919630711131892,-0.03001963059754359
0.0008871645216557145,nan,-0.013766459730174652,-0.04025324079614148
0.0006923309758770646,nan,-0.014037511194269325,-0.047217108855148154
0.0006928735727161905,nan,-0.014060379254396183,-0.047274350561260475
0.0011175326766467153,nan,-0.01368773342443308,-0.04732429132804303
0.0013101531452225368,nan,-0.013368770284510778,-0.047191801320628196
0.033699995879619915,nan,0.024556044064334093,-0.047427012103818195
0.03364014274950655,nan,0.02446912257260314,-0.04763266703749178
0.03377587512068847,nan,0.02461211810941122,-0.04508664444198032
0.03357693232294112,nan,0.024459888593691193,-0.04524818048897136
0.033520627179794094,nan,0.02450628858223247,-0.045105720728333326
0.03354921490001006,nan,0.024583636214300597,-0.045039389339597696
0.033514275571435825,nan,0.024519715164001532,-0.04503911546809852
0.03353939567458719,nan,0.024585410621315917,-0.044820394943826475
0.03394941929755013,nan,0.025025577556950784,-0.04492937185087381
0.022253637313291996,nan,0.011491696131407436,-0.044828255922964466
0.022266544036458336,nan,0.011436395048730619,-0.044779384834263386
0.022416243167878824,nan,0.011529140688945838,-0.04216988924052337
0.022381141838368257,nan,0.01151083866112812,-0.042119407583953744
0.021915016142540766,nan,0.011184077325432362,-0.042074009489731445
0.020859106548933193,nan,0.010749400616838378,-0.042414112318567454
0.020849130346071054,nan,0.010550666998195624,-0.042811069593841206
0.020705518062336226,nan,0.010333858974460708,-0.04299168370979342
0.020666471366973527,nan,0.010281924652624896,-0.04307530054118566
0.020444832056007778,nan,0.010095535752362661,-0.043200022175154756
-0.004641300242429591,nan,-0.019255077579034108,-0.04332098487929151
-0.0043532890753629205,nan,-0.01893306165546005,-0.043169490937445404
-0.003956319272705011,nan,-0.01844616344112704,-0.04273103316899887
-0.004412870835028504,nan,-0.018904258817155628,-0.03692830716692111
-0.004580894697692517,nan,-0.019063677278611912,-0.03353715299211324
-0.004749026381642207,nan,-0.01926531174172641,-0.03371550208443952
-0.008443114826887088,nan,-0.02411415151201013,-0.0336958005777844
-0.008464460398030949,nan,-0.024129915034798333,-0.03370979406607352
-0.00853762997791363,nan,-0.023983996339161817,-0.03380083092743638
-0.009398610727695766,nan,-0.0247054918066818,-0.033563315834272356
-0.009311406313269655,nan,-0.024590398479092723,-0.03358356937816745
-0.009234952634770477,nan,-0.02449096024862496,-0.033635735658908844
-0.0075430256345346836,nan,-0.023688890528817286,-0.03340680378963698
-0.00750499783224412,nan,-0.023734078023494254,-0.045841670987549876
-0.0030740848053770753,nan,-0.0193168253588073,-0.045589662946006054
-0.003127813412234004,nan,-0.01923998097800994,-0.04558856083559182
-0.0033492226678337733,nan,-0.0195254174074041,-0.04552386905609984
-0.0036600982284652472,nan,-0.019846406582524678,-0.03845100168883006
-0.002791352757811394,nan,-0.019333479933300257,-0.03840443399757934
-0.002568120211663305,nan,-0.019182730174645446,-0.038419899426259146
0.02636534686390868,nan,0.015146296130081893,-0.03860175643990468
0.026894928735757273,nan,0.0157838336053856,-0.037519691023927354
0.027286992174163638,nan,0.01641261409252459,-0.03761911850701016
0.009986753699322226,nan,0.004798199447559881,-0.03769999620972339
0.01014229535242328,nan,0.004943702622297708,-0.03816776759901391
0.009983498401627267,nan,0.004769008718077061,-0.03821951002118015
0.010034312544916824,nan,0.00482940996118697,-0.03828025215030556
0.010186707331741096,nan,0.004067193458841878,-0.03824455953788852
0.01016306446797366,nan,0.004092703177356216,-0.03837450947452753
0.010075614590439042,nan,0.004164737102713034,-0.038991110877769825
0.010119240798820872,nan,0.004182674330439284,-0.03923502238803969
0.010394498233317062,nan,0.004506454819561911,-0.039130480166046755
0.026361329605802508,nan,0.02344917535666713,-0.03894680145275989
0.02684563251279637,nan,0.024044462576164327,-0.029021559853392
0.02683946706827911,nan,0.02403250105997634,-0.0290696855706854
0.0266044143905384,nan,0.023798392161439974,-0.029242411156564924
0.0265220341511625,nan,0.02372220446827278,-0.02926104037089447
0.026972597912193086,nan,0.02404802350871027,-0.03100255493472967
0.027001310583978477,nan,0.02404240221527243,-0.03591144132981594
0.02611449191671933,nan,0.023018683133668727,-0.03882559373562772
-0.007233730914023351,nan,-0.024719152679898326,-0.0385666514151268
-0.006862676092659559,nan,-0.024507878852337406,-0.03857576080697106
-0.006644741282200162,nan,-0.013177867719868286,-0.03866276954442066
-0.007319704137468297,nan,-0.013771985600300574,-0.03852945933178173
-0.007008002202471109,nan,-0.013352795806312101,-0.03851272089822011
-0.006985807286160939,nan,-0.013327732112741408,-0.038542941952226656
-0.006814307120947993,nan,-0.002612976480220297,-0.038731896968642016
-0.007135011083959308,nan,-0.0030545594735780224,-0.03881858080947073
-0.007101747686386384,nan,-0.0030444817029673388,-0.038762031040580236
-0.006864864502337142,nan,-0.002761081332262827,-0.04161302602172123
-0.006885662479119259,nan,-0.0026411411004624297,-0.04185491128819277
-0.006925075396992275,nan,-0.024812722291193134,-0.041889837167455035
-0.006639438958983557,nan,-0.024477482369127612,-0.041412129024687605
-0.006849824082622358,nan,-0.024737742120107598,-0.0436356845610715
-0.0067177627683039365,nan,-0.0020665097290073486,-0.04397235752156736
-0.006416355168740062,nan,-0.0246142779949301,-0.043738593068205295
-0.006899647699145417,nan,-0.02492944928383667,-0.04342742472291103
-0.007370886603737747,nan,-0.025504250968996778,-0.044074064334555574
-0.007640215390433358,nan,-0.02569412419609496,-0.04425875655355216
-0.008263021368943857,nan,-0.02630391708619606,-0.04461173884595912
-0.008350502310143226,nan,-0.026397879404495117,-0.044684413347132496
-0.008181338271152527,nan,-0.02630544655688516,-0.045009272115241
-0.008027917587263733,nan,-0.02616713714712493,-0.04497103958115692
-0.008145055930288359,nan,-0.026242101433306186,-0.04468925884386493
-0.007542184433805832,nan,-0.025581714488236984,-0.015733746175990826
0.006747398374182256,nan,-0.005116143202568146,-0.015628780761014066
0.0066357145042702514,nan,-0.00519017266571653,-0.018790315572362548
0.004215667576129456,nan,-0.010248899029484781,-0.018699209588419002
0.004161049707036346,nan,-0.010289655505497097,-0.022434678627056726
0.004457335666255946,nan,-0.009977092607045268,-0.02238126926298767
0.004301988655480371,nan,-0.010109006766894302,-0.022444273597805514
0.0048996649616219745,nan,-0.009450018121353376,-0.022579723220449655
0.005421079408943652,nan,-0.00894068914452828,-0.022317291781891874
0.0053239883814948374,nan,-0.009067283884698685,-0.030416122928631162
0.004917644714680702,nan,-0.00929771042407146,-0.030500552700286898
0.004963473682544017,nan,-0.009340705865288346,-0.030631504386391062
-0.0069181488569158844,nan,-0.021022550075264212,-0.03071796046663733
-0.007156030100297972,nan,-0.017964076910414795,-0.03083251411507648
-0.007404147876874045,nan,-0.0182690036186276,-0.031055219757067015
-0.011636673159896027,nan,-0.01822170198548101,-0.03115084738388052
-0.011494774576956468,nan,-0.018147492484873906,-0.03163570409661076
-0.011577767982850817,nan,-0.016406968733701288,-0.031658897346182935
-0.011595784729582892,nan,-0.016395777181643534,-0.03391801465084893
0.010919578260747853,nan,-0.0035114041075609004,-0.03422177068110341
0.011057821660461098,nan,-0.003517643472923271,-0.03430299755435154
0.011840998057082941,nan,-0.0029629044381803693,-0.03431744238327494
0.011076657257123812,nan,-0.003651264435065693,-0.03435105798229848
0.02154965061760017,nan,0.012044751295420153,-0.03406263731839193
0.020551265381621664,nan,0.011414234246868382,-0.034147105165814595
0.021099101642092832,nan,0.011703503372011537,-0.03411424700031429
0.020374511355399694,nan,0.011205174766889425,-0.034031570730578525
0.020377156168168153,nan,0.011192034581792853,-0.03401042208083471
0.02100577066066278,nan,0.01188084703200698,-0.03349886079208164
0.020892911130635183,nan,0.011774403484295481,-0.033371535739673996
0.02110398874081887,nan,0.011956828910023254,-0.0334041583742129
0.021075973217636323,nan,0.011898588255638498,-0.033391091402555
0.02126844384105031,nan,0.012015008086441736,-0.033453852181750954
0.021545451719511943,nan,0.012228629658856849,-0.018159705311273422
0.022143770089305903,nan,0.012889800919187455,-0.01809661990072181
0.022117841711903008,nan,0.012776683418520562,-0.037384516768251275
0.02243212593019106,nan,0.01315917254668153,-0.037273559040164383
0.02199156439198735,nan,0.012743535937993378,-0.03740936103681733
0.022078972399159347,nan,0.01279390679235004,-0.03735454113364434
0.018022582126991704,nan,0.00894444655892368,-0.03770446190306179
0.018006549654913884,nan,0.008918854089377981,-0.03762867446591989
0.017876565070388817,nan,0.008663832872034094,-0.038140530911738496
0.01768924638014735,nan,0.008571384642228064,-0.052125435743653165
0.017664433828117776,nan,0.008548301983392959,-0.05225187418946714
0.017672664004407257,nan,0.008565467576196029,-0.052316166886943044
0.01785233434785316,nan,0.00878328363313774,-0.05210876832292427
0.017740772784612946,nan,0.008635751192031749,-0.052239962883088964
0.01776717613289336,nan,0.008622027246497299,-0.03988088615144322
0.017537961931985313,nan,0.008394934789738517,-0.03983870148642435
0.03910068332062289,nan,0.031566461493155784,-0.039572435435950126
0.03884856308063789,nan,0.03154822674302993,-0.0395667353415326
0.03881082404892433,nan,0.03160444630477266,-0.019241173151339358
0.038495568868132435,nan,0.031343888680722465,-0.01930164185683858
0.03879859753805892,nan,0.0317555695152093,-0.018565142590343253
0.03871142333985256,nan,0.03173492892929808,-0.018466237261697827
0.03872648321496697,nan,0.03175127413693135,-0.01847101383248073
0.03891055614293182,nan,0.03161812947496945,-0.018669334155156564
0.039059241283800894,nan,0.03167251858233,-0.01873498652063349
-0.0021512582251305146,nan,-0.01764305697628077,-0.018287873685177536
0.015695063062099335,nan,0.012540574653915892,-0.01867610341307882
0.015969922857397623,nan,0.012720615502576194,-0.02123564661621105
0.016328059441938603,nan,0.012798183942388297,-0.02631357254397873
-0.010101457895154597,nan,-0.021329616920770955,-0.02634395481358065
0.034830005749615034,nan,0.024698526753491934,-0.02633985519574425
0.034232835170938225,nan,0.024054463023792216,-0.026724717720512048
-0.03234144371008829,nan,-0.047447164749328585,-0.026464289695024013
-0.033301860622584556,nan,-0.0484661418598446,-0.026627326570000276
-0.0337791430914105,nan,-0.049106716128690164,-0.03581680622872266
-0.033369535244726634,nan,-0.04862742091673383,-0.0473691454522871
-0.033015959588529764,nan,-0.04839734965285131,-0.04748171850867064
-0.0329689010580666,nan,-0.04832048820530627,-0.04743522086518148
-0.032950166991008834,nan,-0.048306288446238355,-0.04625140050225729
-0.03308488895406114,nan,-0.04835631272679758,-0.05194349597934175
-0.0330539316213162,nan,-0.048350766260761346,-0.05072331095996138
-0.032320938148049816,nan,-0.04962601608057543,-0.050559388124396976
-0.03178136578428681,nan,-0.04910079155535024,-0.0502486212630375
-0.015648297006128464,nan,-0.02420768905298365,-0.008372489706248848
-0.015967048182880084,nan,-0.024292290520149806,-0.00841143060017116
-0.007541077747468927,nan,-0.01691891972276449,-0.008536600827237173
-0.007738930176794723,nan,-0.017113420876757934,-0.008832154357373223
-0.007539911401510335,nan,-0.01686631256014204,-0.008842292601981938
-0.023238231410769417,nan,-0.03431977136330194,-0.008898989904090021
-0.023087394740638922,nan,-0.0341755902625796,-0.00876286899325232
-0.023022402317413815,nan,-0.0341581983807428,-0.008897776498245774
-0.023324205796024344,nan,-0.025141231866414704,-0.008986831001251971
-0.028694541605652657,nan,-0.024895716782201927,-0.045256644236902926
-0.028901090923675876,nan,-0.025156499277350197,-0.045122745024607586
-0.029071281700350893,nan,-0.02533310712776604,-0.044999385196648645
-0.028859121625969486,nan,-0.025249802230323914,-0.04546502099685254
-0.02875880194907865,nan,-0.033216273070347746,-0.04522536411558278
-0.029080652181997846,nan,-0.03821431200502451,-0.04509448346264883
0.01595347187048124,nan,0.0010800016099141718,-0.045322436021274726
0.01602816662160156,nan,0.0011255277390121998,-0.04538434277147979
0.016423947433052533,nan,0.0015500123586312808,-0.045409335799570516
0.016801217143818103,nan,0.0018431745708876734,-0.045472690991469
0.016774637275561943,nan,0.0018848410374094904,0.0006795711266861237
0.017190198285441882,nan,0.0023264945600607323,0.0006956349296736719
0.017027246658786632,nan,0.0021549342960160978,-0.004164760015620411
0.016960332159120073,nan,0.00219877813590863,-0.004260297757052306
0.01642033180500202,nan,0.0018628400474777207,-0.004601501919368478
0.016143581866898793,nan,0.0015693276563704117,-0.004364565368920492
0.015982646683392998,nan,0.0013705577642026956,-0.004960212782417012
0.01590758100226264,nan,0.0013113298123061945,0.00532565021963069
0.015683593525043338,nan,0.0011050401870440485,0.005581936812954796
0.015378921576792104,nan,0.0008745543715913406,0.008412345658759368
-0.011675506038685612,nan,-0.0038244631265463847,0.008531300332995873
-0.011715762481699366,nan,-0.0038418561444767407,0.025364544632388214
-0.011721788850069026,nan,-0.003848541093062652,0.025367941119816217
-0.011811371536166404,nan,-0.003928215896562892,0.025421996231389576
0.0004800813872121168,nan,-0.003889454538409498,0.025207767299308875
0.000150022578106479,nan,-0.010368453521626186,0.025483584286089905
0.00034636174696422994,nan,-0.010226343343192723,-0.015441242272871913
0.00043409867002919267,nan,-0.010119122674276504,-0.015208469724025453
0.0007062214617191698,nan,-0.009806683158375074,-0.0022818031202371802
0.0020483211567144943,nan,-0.008356533535541999,-0.0017981851663175785
0.002391622325139231,nan,-0.008135537782660296,-0.0022150019977498214
0.002404328562819802,nan,-0.008149341729019599,-0.0022107132974941157
0.002127199105086741,nan,-0.008264031872922906,-0.0016764104406562508
0.0020409849364237953,nan,-0.008350850250003483,0.00045981102211559155
-0.0006127325281229945,nan,-0.004481063011938624,0.0007890106460997914
-0.0009209009862810591,nan,-0.004681399429783295,0.0005964290572245401
-0.0013229185042391567,nan,-0.005084871723052609,0.025863299263271133
-0.0013309885284414902,nan,-0.005093403810977448,0.02586233277629299
-0.002612106376003731,nan,-0.007245567601958713,0.02402931573571493
-0.002458989776767506,nan,-0.007142983273021097,-0.03491011529151902
-0.002057634269071573,nan,-0.006714338174199641,-0.034615809198638825
0.0010058042373859433,nan,-0.0034669425812813293,-0.03470745731487024
-0.007219045922571055,nan,-0.012967351352016099,-0.03479580474321023
-0.007442105677159971,nan,-0.01317675819367825,-0.03494463749146637
-0.011794217387262496,nan,-0.01973827109929016,-0.03481848642101906
-0.008556455785968864,nan,-0.011660766383748689,-0.03536882734916563
-0.008955900910527226,nan,-0.012166687993179326,-0.035715519849254834
-0.009117673683784466,nan,-0.01234919223830111,0.017389199873393962
-0.008583708588349226,nan,-0.011856736083804886,0.015717126178227014
-0.008459091635037663,nan,-0.011822492456607603,0.01572854462748291
-0.009193188480964953,nan,-0.012645776345802329,0.015791342198128083
-0.009053482659199363,nan,-0.018590488351829526,0.007070805549942744
-0.00925549307187179,nan,-0.02137035884597982,0.007476550487834743
-0.008061216117664527,nan,-0.020513560802985165,0.00742135187152515
-0.007908906238595637,nan,-0.02038709178444531,0.007565901167900013
-0.007723588095628564,nan,-0.020173639085248496,0.007730300004447965
-0.006623858585930287,nan,-0.025704475742046873,0.009031589757803882
-0.006500085680929635,nan,-0.025563463485543003,0.008060168784351812
-0.006414749263228936,nan,-0.025497728362788796,0.00805647506836904
-0.006547952406494195,nan,-0.01954220115594041,0.009023172303319504
-0.006347307761211729,nan,-0.01523901972630859,0.008974244118518798
-0.0076637308374625235,nan,-0.019227420929387673,0.008962573144005836
-0.008031491173904781,nan,-0.020134406322288356,0.009056904306919328
-0.015091339201163567,nan,-0.024788913992727424,0.009047442202046868
-0.015354620598844293,nan,-0.01995297415357533,0.00916820074619909
-0.015317575196821975,nan,-0.019793625645458723,0.009583626928371947
-0.01529441498127393,nan,-0.020129981279832676,0.012024339451839589
-0.015404002813353301,nan,-0.020289244613574953,0.012026730603604263
-0.015201717975733442,nan,-0.020249314285150977,0.011987394174417298
-0.014965790530293233,nan,-0.019986350710226808,0.011979235292952223
-0.014808808828831621,nan,-0.019900318481771984,0.011717592393374637
-0.01467010580796324,nan,-0.019794582654937498,0.012073102812370728
-0.008387953074594723,nan,-0.01856417266795196,0.011986969724019109
-0.008869833014773176,nan,-0.018981879403663582,0.012112315446932115
-0.008759541627642586,nan,-0.01895728047036116,0.012032595748651759
-0.008490389227362338,nan,-0.018740987132111808,0.012044384696710597
-0.008333078598666832,nan,-0.018672952585217506,0.012049785590639794
-0.00821898149147704,nan,-0.01852944412437607,0.011926672013198109
-0.004033062737339499,nan,-0.011250091270191498,0.011297302509871321
-0.003735499585894031,nan,-0.011091472364693655,0.01590986477405984
-0.003731916524982948,nan,-0.011129536135108586,0.015932214575923476
-0.0034355850754472783,nan,-0.010680208932582702,0.015955548734149644
-0.004722642742584049,nan,-0.012191793005252083,0.010286763199840787
-0.004735543972476441,nan,-0.012165695178380176,0.010282271875449028
-0.004317302253963318,nan,-0.011627528370403706,0.007536147983246283
-0.0044768577157150435,nan,-0.011845884539470553,0.007541186228880031
-0.0044243334019307134,nan,-0.011637586952945922,0.00791020171913931
-0.004424410779294674,nan,-0.011636167403709652,0.007891810374993424
-0.004549956182766435,nan,-0.011697183001707412,0.007911771376565652
-0.004729463249440569,nan,-0.011775731158241931,0.007957462936259763
-0.004614631458966345,nan,-0.01182368277924506,0.007819964598467538
-0.004818558866072076,nan,-0.011771358208635063,0.007858758753493622
-0.010094276884127229,nan,-0.019511833996139538,0.008082866096590008
-0.010224886955125134,nan,-0.024140669352762267,0.02024685382824054
-0.010724759465319256,nan,-0.024356738750586637,0.012121738725173026
-0.010565245781240629,nan,-0.024502864884233366,0.018627944842193767
-0.010933549145705657,nan,-0.02149372601306687,0.01512905174206064
-0.010748676308318994,nan,-0.018379020097753163,0.010057610805177503
-0.010284270678190266,nan,-0.017978559778951908,0.006037175720948418
-0.010115759088210385,nan,-0.01764828543364505,0.006158923970501717
-0.010018516370540742,nan,-0.017695234451366337,0.007736296204545856
-0.009971979023586597,nan,-0.017708179346063613,0.007655056805917881
-0.009770827382216685,nan,-0.017570795484774027,0.007371979875200024
-0.009677093272525084,nan,-0.017511618556337538,0.007309364034953719
-0.009452811978764686,nan,-0.01731088803769909,0.007354086282762656
-0.0094102646838784,nan,-0.017265238768763957,0.0074412711464419135
-0.00973502104557511,nan,-0.01749510532428733,0.007467734769323137
-0.009070352645972446,nan,-0.026851342187666494,0.00756962798292396
-0.009036679590051278,nan,-0.02681588494884657,-0.000936962549520054
0.00023976151933713385,nan,-0.0030479546150968817,-0.0008895403995435036
-0.008940551855681322,nan,-0.02661019011754806,-0.0008930090059586226
-0.020344536501336274,nan,-0.03206723677189832,-0.0009250825686604736
-0.019920375827282788,nan,-0.03176663932975371,-0.001587389342903256
-0.01978970377545819,nan,-0.0316324733167504,-0.00037443442630080703
-0.019737688963041844,nan,-0.0315351096261251,-0.0002994110448432674
-0.01936155875907597,nan,-0.03360480728713067,-0.0003235776886391928
-0.019498130959427984,nan,-0.033653630677012325,0.00583740955571338
0.00971629400472962,nan,-0.002480024704354933,0.005521887785016971
0.009661806045116461,nan,-0.0024767781410000023,0.00572441087814507
0.009975539040334658,nan,-0.0021418362023613025,0.01008055362447463
0.009977524962630602,nan,-0.0021312366643855274,0.01002672102754612
0.010195708364051259,nan,-0.0018383303691279496,0.010179573773912792
0.009876008093265387,nan,-0.002116167592358442,0.010222125732991055
0.004171425765704062,nan,-0.010638508196992746,0.010246987476404845
0.0038574794647118216,nan,-0.010971257749508911,0.010332242452619878
0.003917774725355483,nan,-0.011158286389704175,0.01029229888199129
0.003543440991402247,nan,-0.011507288891015599,0.010942241237108574
0.0036305939908635176,nan,-0.011453231348314996,0.010904002799544121
0.0035818168184448274,nan,-0.011492865810988184,0.014114384210871106
0.003829510808355474,nan,-0.011526758652829483,0.009015616305777768
0.0036966182901364553,nan,-0.011476038987534687,0.021389604032314408
0.003780753234974621,nan,-0.0115395299031541,-0.025061378414099195
0.030345405982474816,nan,0.023463010875224066,-0.02515971332449543
0.029242367953751125,nan,0.022984999732059364,-0.025296391011936398
0.029056515387040016,nan,0.022756772201266595,-0.04945625852369989
0.02894229524753389,nan,0.022657697362459817,-0.05097930319194091
0.009411496233095784,nan,-0.0006133417977389755,-0.05099636977434077
0.009360281923567748,nan,-0.0006405685962944663,-0.050869504855007935
0.009386696172389186,nan,-0.000611387240805894,-0.05085378661505316
-0.0035091273195261286,nan,-0.01293786653638962,-0.05087638968278241
-0.005702279538592814,nan,-0.00884866725844391,-0.05132705128287393
-0.0019546904676244203,nan,-0.005293646060284152,-0.05143213092494761
-0.004904377766140722,nan,-0.01126980280850598,-0.051351455289332104
-0.0016740000999256877,nan,-0.010102644070098421,-0.06343112890490721
-0.0018579122556316996,nan,-0.010245498797178065,-0.0592192450157136
-0.0016636663520274153,nan,-0.010023204335933289,-0.05837411185661728
0.011627896610997057,nan,0.005297561356520375,-0.05830101325036918
0.011515207729414167,nan,0.005189884715952275,-0.03166059400920873
0.012312378791186629,nan,0.0053604018805878395,-0.0316610873335485
0.012193082494717178,nan,0.005191681573408102,-0.054139852902144375
0.011980452236614814,nan,0.0054528030189658905,-0.05414625830396588
0.01221764559810301,nan,0.005707567670556801,-0.05250022584944697
0.012183934559328424,nan,0.005671994356456378,-0.05657913691458763
0.01212908346106123,nan,0.005473568789473471,-0.056522686410334894
0.012255500835067656,nan,0.009372043643285588,-0.05619279412138117
0.012419585128443988,nan,0.013504189435538883,-0.056284599117537415
0.027548564132582776,nan,0.02088957381220513,-0.05584020461490638
0.027774895827028634,nan,0.021024299327290663,-0.05615031778095067
0.02763832898123919,nan,0.02088293227282534,-0.056301639274633025
0.027848002151331985,nan,0.021168923411181484,-0.0498501322769829
0.027789090514545478,nan,0.021067414322757605,-0.04983171060646199
0.027775514619898467,nan,0.021051121326857825,-0.04171230859912034
0.0020503858053096957,nan,0.013844086313561155,-0.04140106506676611
0.02787375697730654,nan,0.021178082431069667,-0.041725436415138845
0.02779119860915935,nan,0.021080022339727833,-0.04165168938683475
0.026552140228325527,nan,0.020295711139896144,-0.0417137201272163
0.026573971695800225,nan,0.02032251100310567,-0.04170342140992342
0.02402873781433912,nan,0.020451535873453164,-0.041734551551291826
0.024109905121212805,nan,0.020527815780633896,-0.04173957230392958
0.023589069430937526,nan,0.02029077832824744,0.008085465245212947
0.023608282946203762,nan,0.020301868749654672,-0.009303283642077498
0.0233453866618486,nan,0.019947553807518115,-0.009356481023747615
0.023540922883535376,nan,0.02020764091602245,-0.010676835520438077
0.02352919930891484,nan,0.020265516259101557,0.011435322543843662
0.02369166465234318,nan,0.0204640276070166,0.01154646844597404
0.023472162133280516,nan,0.02017184425930818,0.011413438040293072
0.022976995511156728,nan,0.01983089034968666,0.011634695421899738
0.022971618190556264,nan,0.01962529866687368,0.0166409006625573
0.023476413759996873,nan,0.020032544192215007,0.016183455799048202
0.02305638530491627,nan,0.019676024502019773,0.016553972287642688
0.025755318598500443,nan,0.019633905626895376,0.016578859769342758
0.025873040799280766,nan,0.01969240930673244,0.005491789741567776
0.025981367153634416,nan,0.019798449871425206,0.0056043615711469374
0.02594830640936019,nan,0.01988268577723251,-0.008231196778983846
0.02605915031780137,nan,0.01999310732675874,-0.008420256060400283
0.026202688197590862,nan,0.020090835150708863,0.007979926729814402
0.025961421322265532,nan,0.019923914729930825,0.00791396761352317
0.02599875452485012,nan,0.019986697397983644,0.007867074978843175
0.02604228350285609,nan,0.02003968387640931,0.007979766395821736
0.025921794882408977,nan,0.019912660170630203,0.01113772926584608
0.026002060728062104,nan,0.019988046747285826,0.011415864894771005
0.02610952923238452,nan,0.020056309265338856,0.01148242373899283
0.026346122696001006,nan,0.020307409605328952,-0.0044892533597941375
0.026206321636782715,nan,0.02018642293148032,-0.004442131148347517
0.026215624816772976,nan,0.020190861401098603,-0.00869453320434374
0.026586249265301287,nan,0.020547450301525716,-0.008973791557106592
0.02657409980901204,nan,0.020535254848795037,-0.006218530749109913
0.02664153481056042,nan,0.02060214117824588,-0.006208075349628722
0.03510819530563758,nan,0.031187631762550683,-0.006530400928257019
0.035463350616070866,nan,0.03158461997078188,-0.00630109111883298
0.03542425346183231,nan,0.0315391047896707,-0.006263888779529075
0.0353351604932397,nan,0.03147146469695117,-0.0061999915811413175
0.03558032390812116,nan,0.03179399154301399,-0.005676764427253317
0.035580978025786525,nan,0.031738457942110276,-0.005652109869606403
0.03539017479322504,nan,0.031521133895255016,-0.0061407868826021395
0.019248762346557258,nan,0.024167954924902757,-0.005864428521662607
0.028965702617606115,nan,0.031212456349448137,-0.014537940446837205
0.019220250410974082,nan,0.026113492550420614,-0.007585200203687303
0.01983831082595089,nan,0.02806976950800455,-0.007515319390062614
0.019559923405288893,nan,0.027770794628480866,-0.00781557884095091
0.01988938701294707,nan,0.027969543291576304,-0.007374695526487035
0.019205383610306548,nan,0.015517527915687168,-0.00726679415116005
0.01983736582052098,nan,0.015524496751706973,-0.007338900938776677
0.019420388861264737,nan,0.015141374172899513,-0.011823008898848852
0.02007281011294426,nan,0.01577026708872753,-0.00982990006629883
0.019614719347974208,nan,0.015237625797046128,-0.002310015264572557
0.020016366710282285,nan,0.01573966223955714,-0.009059193791444514
0.019608214512269018,nan,0.015481347130969714,-0.009632117796348344
0.019493352404061248,nan,0.015421442736219815,-0.009262402213144227
0.018621375574216725,nan,0.01517896589663148,-0.009557409980420956
0.014124583340123897,nan,0.011024016800153968,-0.0089323761304336
0.013974542808234292,nan,0.010851655284247252,-0.007435683202844545
0.014364377033544318,nan,0.011063599947578884,-0.007362043415058195
0.014413214568416599,nan,0.01104458987902912,-0.007397104259254966
0.0140995467498497,nan,0.010815059842833263,-0.007439543451515429
0.014362896901442768,nan,0.011134477448635272,-0.007501806646719594
0.014662587069108612,nan,0.011456110271656605,-0.006184637430610984
0.013311453046317534,nan,0.009962783724857815,-0.004528428466008844
0.013669940362332711,nan,0.010321763315859767,-0.00407598797796066
0.013396424147636088,nan,0.009948443086129632,-0.004030998614958342
0.01356324646992757,nan,0.010117783376677125,-0.010946795404559645
0.014356785947268969,nan,0.010952159725745703,-0.016800112408304813
0.0066098508009213575,nan,0.010650471690953234,-0.016838591020669813
0.014405846265819644,nan,0.011006643203683275,-0.016800153034133736
0.014418592411375108,nan,0.011008723468591719,-0.02257636354026743
0.014419916378781816,nan,0.006249466357079125,-0.0019359289118473233
0.014823800721124547,nan,0.0066668990025493535,-0.002037457821799371
0.015036267519964563,nan,0.00982597685940556,-0.0020035905859045466
0.014955651334420561,nan,0.009748010137370478,-0.0021414412078970546
0.01460747172703325,nan,0.009406833170067186,-0.0020421164752326137
0.014036214661557245,nan,0.006257163155856338,-0.0020278741672891676
0.01397774887397707,nan,0.00619953568857845,-0.002142275079935946
0.0139677640068675,nan,0.006201201908135445,-0.00199768032126596
0.0063306785977270685,nan,-0.0004294212096257466,-0.0020678209253903734
0.0008941952106652495,nan,0.0061014783991703014,-0.0019291952276151436
0.00146933234483837,nan,-0.014723361333934593,-0.001961795224120294
0.0011315341593755024,nan,-0.015132435145993717,-0.001970566377808458
0.004183968577918029,nan,-0.011343943951167113,-0.0016844176081054207
0.004356797848526495,nan,-0.011174787854203672,-0.0013343306360109886
0.00404378931392857,nan,-0.011433269168413474,-0.0012646685252044043
0.00414997847156362,nan,-0.011294810700157254,-0.0011668187222348692
0.007827488787294445,nan,0.0034003997698078825,-0.001308656113427592
0.0070102494438585294,nan,0.0025022321444009288,-0.0010785713900619553
0.003180622800817101,nan,0.0013930614377662964,-0.001131209738006539
0.003939708939312503,nan,0.0021988883803288894,-0.0012788856307540397
0.004174906708877102,nan,0.0022726032051104683,-0.0012613490530078986
0.004148681467957993,nan,0.0023312085077833444,0.015544994863167794
0.004226419711304663,nan,0.008654392313127812,0.01551911299869771
0.003442002789685872,nan,0.003796885534868122,0.015533884292890432
0.0028387260186630847,nan,-0.012218919787737148,0.015620579158726139
0.0034260987692315004,nan,-0.012040416309927249,0.01566773790205217
0.003520590668551926,nan,-0.01195745885388988,0.01901013050833686
0.0038204575684376296,nan,-0.011619743346339306,0.018842894983255032
0.0037808491643823716,nan,-0.011521889561557863,0.018884931480499745
0.0036939754316881457,nan,-0.011699554499647324,0.018890825471861994
0.0034696815196673114,nan,-0.011961289437028122,0.018747115166212497
0.0027951566792909777,nan,-0.012465655849273283,0.0122476427135777
0.004004729443520705,nan,-0.010140842068098954,0.01210732613635998
0.00360451858022115,nan,-0.0105781660266564,0.012128582830207152
0.003999018736214666,nan,-0.010170026041485314,0.01209569888830897
0.012558162726057143,nan,0.013244357644648708,0.012027632058506127
0.012927715699708964,nan,0.013231336069513544,0.012007708872693867
0.013483424572719116,nan,0.013682435623568967,0.01975726965843641
0.013585883176755464,nan,0.013742931010807147,0.019440952395689493
0.008893830221037402,nan,0.003493799579469492,0.01963243522527852
0.008893830221037402,nan,0.003493799579469492,0.01963243522527852
0.00842262331341348,nan,0.0030026483121745606,0.01923254899810442
0.00833045482361161,nan,0.002920319463824872,0.019182381776844476
0.007882594528827558,nan,0.0024104310668265905,0.018496493310822426
0.016247795728738135,nan,0.011228009538235662,0.014031121878430114
0.01608057827701781,nan,0.011047493248045326,0.014123258725050658
0.01051641620460908,nan,0.0050761952429076995,0.013369681959066848
-0.0013114056171524835,nan,-0.008542432274436629,0.013254154632760695
-0.0010927081762824864,nan,-0.00841773663552392,0.013094673208617597
-0.0006795849146903343,nan,0.0008694777010650467,0.013073607802382065
0.012106293842133797,nan,0.0017818898968461339,0.013140373868667565
0.012149693336835132,nan,0.0018684310135870241,0.020265287013463112
0.00045998896929522193,nan,0.0007547504238208935,0.020441307425752592
0.0004417171490076477,nan,0.0007609017931055062,0.020315333351851317
0.0002589129474551699,nan,0.0005835984408621986,0.014194001002827417
-2.0875165033795717e-05,nan,0.0003912506784176095,0.014904333604794512
-0.00023113777913452704,nan,0.00011841036215443079,0.014929394078323666
-0.0002298821645344562,nan,0.00011595486899029783,0.014895429557039624
-0.00028487749316552513,nan,5.322337884627881e-05,0.014823232382672663
-0.00016720601529718326,nan,0.0001259586561122017,0.01457896871100664
-0.0006229002040938347,nan,-0.007423022790763012,0.014444542894608586
-0.0009360777832185807,nan,-0.007375464316846658,0.014490631873167847
-0.0009066021973173077,nan,-0.007301101392847675,0.01452637612709759
-0.0003748816500311891,nan,-0.0071504501208871085,0.014310535134001878
-0.0007302137621874039,nan,-0.00723068522031467,0.014492717342244388
0.001190616285389745,nan,-0.009276008354947907,0.014455324870694147
0.0012825821833238882,nan,-0.00941624131563601,0.014645513890035045
0.0011453399679620668,nan,-0.009327247932087168,0.014650524265688858
0.001812972218195319,nan,-0.00839786345839677,0.012394802090207463
0.0015254373583099001,nan,-0.00866683767459242,-0.0017221425677737268
0.0014668294279354122,nan,-0.008738069469612864,-0.0017827896017961198
0.002111090222303935,nan,-0.008001817149017598,-0.0018579341438555996
0.002468125114951647,nan,-0.007613120760389891,0.016815527666121738
0.002893221118031697,nan,-0.006354461547602441,0.017025493300079186
0.002847673737210399,nan,-0.006399366063237544,0.017547677775053616
0.0028952481987444267,nan,-0.006358680057774624,0.014861780616533316
0.0032158388347853784,nan,-0.0019500215040746394,0.015004941130926597
0.003171341475916134,nan,-0.0020680616348506264,0.015000485387414442
